# ************************************************************
# Sequel Pro SQL dump
# Version 4096
#
# http://www.sequelpro.com/
# http://code.google.com/p/sequel-pro/
#
# Host: 192.168.56.1 (MySQL 5.5.30-30.2-log)
# Database: pm
# Generation Time: 2013-09-30 22:45:26 +0000
# ************************************************************


/*!40101 SET @OLD_CHARACTER_SET_CLIENT=@@CHARACTER_SET_CLIENT */;
/*!40101 SET @OLD_CHARACTER_SET_RESULTS=@@CHARACTER_SET_RESULTS */;
/*!40101 SET @OLD_COLLATION_CONNECTION=@@COLLATION_CONNECTION */;
/*!40101 SET NAMES utf8 */;
/*!40014 SET @OLD_FOREIGN_KEY_CHECKS=@@FOREIGN_KEY_CHECKS, FOREIGN_KEY_CHECKS=0 */;
/*!40101 SET @OLD_SQL_MODE=@@SQL_MODE, SQL_MODE='NO_AUTO_VALUE_ON_ZERO' */;
/*!40111 SET @OLD_SQL_NOTES=@@SQL_NOTES, SQL_NOTES=0 */;


# Dump of table action
# ------------------------------------------------------------

DROP TABLE IF EXISTS `action`;

CREATE TABLE `action` (
  `id` smallint(6) NOT NULL,
  `name` varchar(50) NOT NULL,
  PRIMARY KEY (`id`),
  UNIQUE KEY `name_UNIQUE` (`name`)
) ENGINE=InnoDB DEFAULT CHARSET=utf8;

LOCK TABLES `action` WRITE;
/*!40000 ALTER TABLE `action` DISABLE KEYS */;

INSERT INTO `action` (`id`, `name`)
VALUES
	(1,'note');

/*!40000 ALTER TABLE `action` ENABLE KEYS */;
UNLOCK TABLES;


# Dump of table child
# ------------------------------------------------------------

DROP TABLE IF EXISTS `child`;

CREATE TABLE `child` (
  `id` int(11) NOT NULL AUTO_INCREMENT,
  `group_id` int(11) NOT NULL,
  `name` varchar(100) NOT NULL,
  `external_id` varchar(100) NOT NULL,
  `photo_id` int(11) DEFAULT NULL,
  `dob` date DEFAULT NULL,
  `created_at` timestamp NOT NULL DEFAULT CURRENT_TIMESTAMP,
  `updated_at` timestamp NOT NULL DEFAULT '0000-00-00 00:00:00',
  PRIMARY KEY (`id`)
) ENGINE=InnoDB DEFAULT CHARSET=utf8;

LOCK TABLES `child` WRITE;
/*!40000 ALTER TABLE `child` DISABLE KEYS */;

INSERT INTO `child` (`id`, `group_id`, `name`, `external_id`, `photo_id`, `dob`, `created_at`, `updated_at`)
VALUES
	(1,1,'Anna Maria','test-child-01',NULL,NULL,'2013-09-26 22:08:40','0000-00-00 00:00:00'),
	(2,1,'Elizabeth','test-child-02',NULL,NULL,'2013-09-26 22:08:40','0000-00-00 00:00:00');

/*!40000 ALTER TABLE `child` ENABLE KEYS */;
UNLOCK TABLES;


# Dump of table child2parent
# ------------------------------------------------------------

DROP TABLE IF EXISTS `child2parent`;

CREATE TABLE `child2parent` (
  `child_id` int(11) NOT NULL,
  `parent_id` int(11) NOT NULL,
  `created_at` timestamp NOT NULL DEFAULT CURRENT_TIMESTAMP,
  PRIMARY KEY (`child_id`,`parent_id`)
) ENGINE=InnoDB DEFAULT CHARSET=utf8;

LOCK TABLES `child2parent` WRITE;
/*!40000 ALTER TABLE `child2parent` DISABLE KEYS */;

INSERT INTO `child2parent` (`child_id`, `parent_id`, `created_at`)
VALUES
	(1,1,'2013-09-26 22:23:31'),
	(2,1,'2013-09-26 22:23:31');

/*!40000 ALTER TABLE `child2parent` ENABLE KEYS */;
UNLOCK TABLES;


# Dump of table color
# ------------------------------------------------------------

DROP TABLE IF EXISTS `color`;

CREATE TABLE `color` (
  `id` int(11) NOT NULL AUTO_INCREMENT,
  `name` varchar(45) NOT NULL,
  PRIMARY KEY (`id`)
) ENGINE=InnoDB DEFAULT CHARSET=utf8;



# Dump of table event
# ------------------------------------------------------------

DROP TABLE IF EXISTS `event`;

CREATE TABLE `event` (
  `id` int(11) NOT NULL AUTO_INCREMENT,
  `action_id` smallint(6) NOT NULL,
  `teacher_id` int(11) NOT NULL,
  `created_at` timestamp NOT NULL DEFAULT CURRENT_TIMESTAMP,
  PRIMARY KEY (`id`)
) ENGINE=InnoDB DEFAULT CHARSET=utf8;

LOCK TABLES `event` WRITE;
/*!40000 ALTER TABLE `event` DISABLE KEYS */;

INSERT INTO `event` (`id`, `action_id`, `teacher_id`, `created_at`)
VALUES
	(87,1,1,'2013-09-29 23:25:28'),
	(88,1,1,'2013-09-29 23:30:18'),
	(89,1,1,'2013-09-29 23:35:17'),
	(90,1,1,'2013-09-29 23:35:53'),
	(91,1,1,'2013-09-29 23:36:21'),
	(92,1,1,'2013-09-29 23:36:40'),
	(93,1,1,'2013-09-29 23:37:55'),
	(94,1,1,'2013-09-29 23:38:07'),
	(95,1,1,'2013-09-29 23:38:24'),
	(96,1,1,'2013-09-29 23:47:32'),
	(97,1,1,'2013-09-29 23:48:14'),
	(98,1,1,'2013-09-29 23:48:51'),
	(99,1,1,'2013-09-29 23:50:40'),
	(100,1,1,'2013-09-29 23:51:29'),
	(101,1,1,'2013-09-29 23:51:37'),
	(102,1,1,'2013-09-30 21:59:48');

/*!40000 ALTER TABLE `event` ENABLE KEYS */;
UNLOCK TABLES;


# Dump of table event_property
# ------------------------------------------------------------

DROP TABLE IF EXISTS `event_property`;

CREATE TABLE `event_property` (
  `id` smallint(6) NOT NULL,
  `name` varchar(45) NOT NULL,
  `created_at` timestamp NOT NULL DEFAULT CURRENT_TIMESTAMP,
  `event_property_type_id` smallint(6) NOT NULL,
  PRIMARY KEY (`id`),
  UNIQUE KEY `name_UNIQUE` (`name`)
) ENGINE=InnoDB DEFAULT CHARSET=utf8;

LOCK TABLES `event_property` WRITE;
/*!40000 ALTER TABLE `event_property` DISABLE KEYS */;

INSERT INTO `event_property` (`id`, `name`, `created_at`, `event_property_type_id`)
VALUES
	(1,'title','2013-09-26 20:21:57',1),
	(2,'message','2013-09-26 20:25:06',2);

/*!40000 ALTER TABLE `event_property` ENABLE KEYS */;
UNLOCK TABLES;


# Dump of table event_property_type
# ------------------------------------------------------------

DROP TABLE IF EXISTS `event_property_type`;

CREATE TABLE `event_property_type` (
  `id` smallint(6) NOT NULL,
  `name` varchar(45) NOT NULL,
  PRIMARY KEY (`id`),
  UNIQUE KEY `name_UNIQUE` (`name`)
) ENGINE=InnoDB DEFAULT CHARSET=utf8;

LOCK TABLES `event_property_type` WRITE;
/*!40000 ALTER TABLE `event_property_type` DISABLE KEYS */;

INSERT INTO `event_property_type` (`id`, `name`)
VALUES
	(3,'date'),
	(2,'multiline-text'),
	(1,'one-line-text');

/*!40000 ALTER TABLE `event_property_type` ENABLE KEYS */;
UNLOCK TABLES;


# Dump of table event_property_value
# ------------------------------------------------------------

DROP TABLE IF EXISTS `event_property_value`;

CREATE TABLE `event_property_value` (
  `id` int(11) NOT NULL AUTO_INCREMENT,
  `event_id` int(11) NOT NULL,
  `event_property_id` smallint(6) NOT NULL,
  `created_at` timestamp NOT NULL DEFAULT CURRENT_TIMESTAMP,
  `value` text NOT NULL,
  PRIMARY KEY (`id`)
) ENGINE=InnoDB DEFAULT CHARSET=utf8;

LOCK TABLES `event_property_value` WRITE;
/*!40000 ALTER TABLE `event_property_value` DISABLE KEYS */;

INSERT INTO `event_property_value` (`id`, `event_id`, `event_property_id`, `created_at`, `value`)
VALUES
	(1,82,1,'2013-09-29 23:23:06','some title'),
	(2,82,2,'2013-09-29 23:23:06','Hello Joe Doe, Please bring diapers tomorrow. We ran out. And a cream for small ass - it is red'),
	(3,83,1,'2013-09-29 23:23:41','some title'),
	(4,83,2,'2013-09-29 23:23:41','Hello Joe Doe, Please bring diapers tomorrow. We ran out. And a cream for small ass - it is red'),
	(5,84,1,'2013-09-29 23:24:37','some title'),
	(6,84,2,'2013-09-29 23:24:37','Hello Joe Doe, Please bring diapers tomorrow. We ran out. And a cream for small ass - it is red'),
	(7,85,1,'2013-09-29 23:25:05','some title'),
	(8,85,2,'2013-09-29 23:25:05','Hello Joe Doe, Please bring diapers tomorrow. We ran out. And a cream for small ass - it is red'),
	(9,86,1,'2013-09-29 23:25:08','some title'),
	(10,86,2,'2013-09-29 23:25:08','Hello Joe Doe, Please bring diapers tomorrow. We ran out. And a cream for small ass - it is red'),
	(11,87,1,'2013-09-29 23:25:28','some title'),
	(12,87,2,'2013-09-29 23:25:28','Hello Joe Doe, Please bring diapers tomorrow. We ran out. And a cream for small ass - it is red'),
	(13,88,1,'2013-09-29 23:30:18','some title'),
	(14,88,2,'2013-09-29 23:30:18','Hello Joe Doe, Please bring diapers tomorrow. We ran out. And a cream for small ass - it is red'),
	(15,89,1,'2013-09-29 23:35:17','some title'),
	(16,89,2,'2013-09-29 23:35:17','Hello Joe Doe, Please bring diapers tomorrow. We ran out. And a cream for small ass - it is red'),
	(17,90,1,'2013-09-29 23:35:53','some title'),
	(18,90,2,'2013-09-29 23:35:53','Hello Joe Doe, Please bring diapers tomorrow. We ran out. And a cream for small ass - it is red'),
	(19,91,1,'2013-09-29 23:36:21','some title'),
	(20,91,2,'2013-09-29 23:36:21','Hello Joe Doe, Please bring diapers tomorrow. We ran out. And a cream for small ass - it is red'),
	(21,92,1,'2013-09-29 23:36:40','some title'),
	(22,92,2,'2013-09-29 23:36:40','Hello Joe Doe, Please bring diapers tomorrow. We ran out. And a cream for small ass - it is red'),
	(23,93,1,'2013-09-29 23:37:55','some title'),
	(24,93,2,'2013-09-29 23:37:55','Hello Joe Doe, Please bring diapers tomorrow. We ran out. And a cream for small ass - it is red'),
	(25,94,1,'2013-09-29 23:38:07','some title'),
	(26,94,2,'2013-09-29 23:38:07','Hello Joe Doe, Please bring diapers tomorrow. We ran out. And a cream for small ass - it is red'),
	(27,95,1,'2013-09-29 23:38:24','some title'),
	(28,95,2,'2013-09-29 23:38:24','Hello Joe Doe, Please bring diapers tomorrow. We ran out. And a cream for small ass - it is red'),
	(29,96,1,'2013-09-29 23:47:32','some title'),
	(30,96,2,'2013-09-29 23:47:32','Hello Joe Doe, Please bring diapers tomorrow. We ran out. And a cream for small ass - it is red'),
	(31,97,1,'2013-09-29 23:48:14','some title'),
	(32,97,2,'2013-09-29 23:48:14','Hello Joe Doe, Please bring diapers tomorrow. We ran out. And a cream for small ass - it is red'),
	(33,98,1,'2013-09-29 23:48:51','some title'),
	(34,98,2,'2013-09-29 23:48:51','Hello Joe Doe, Please bring diapers tomorrow. We ran out. And a cream for small ass - it is red'),
	(35,99,1,'2013-09-29 23:50:40','some title'),
	(36,99,2,'2013-09-29 23:50:40','Hello Joe Doe, Please bring diapers tomorrow. We ran out. And a cream for small ass - it is red'),
	(37,100,1,'2013-09-29 23:51:29','some title'),
	(38,100,2,'2013-09-29 23:51:29','Hello Joe Doe, Please bring diapers tomorrow. We ran out. And a cream for small ass - it is red'),
	(39,101,1,'2013-09-29 23:51:37','some title'),
	(40,101,2,'2013-09-29 23:51:37','Hello Joe Doe, Please bring diapers tomorrow. We ran out. And a cream for small ass - it is red'),
	(41,102,1,'2013-09-30 21:59:48','some title'),
	(42,102,2,'2013-09-30 21:59:48','Hello Joe Doe, Please bring diapers tomorrow. We ran out. And a cream for small ass - it is red');

/*!40000 ALTER TABLE `event_property_value` ENABLE KEYS */;
UNLOCK TABLES;


# Dump of table event_property_value_bag
# ------------------------------------------------------------

DROP TABLE IF EXISTS `event_property_value_bag`;

CREATE TABLE `event_property_value_bag` (
  `id` int(11) NOT NULL AUTO_INCREMENT,
  `event_property_value_id` int(11) NOT NULL,
  `event_property_id` smallint(6) NOT NULL,
  `value` text NOT NULL,
  `created_at` timestamp NOT NULL DEFAULT CURRENT_TIMESTAMP,
  PRIMARY KEY (`id`)
) ENGINE=InnoDB DEFAULT CHARSET=utf8;



# Dump of table event2child
# ------------------------------------------------------------

DROP TABLE IF EXISTS `event2child`;

CREATE TABLE `event2child` (
  `event_id` int(11) NOT NULL,
  `child_id` int(11) NOT NULL,
  `created_at` timestamp NOT NULL DEFAULT CURRENT_TIMESTAMP,
  PRIMARY KEY (`event_id`,`child_id`)
) ENGINE=InnoDB DEFAULT CHARSET=utf8;

LOCK TABLES `event2child` WRITE;
/*!40000 ALTER TABLE `event2child` DISABLE KEYS */;

INSERT INTO `event2child` (`event_id`, `child_id`, `created_at`)
VALUES
	(17,1,'2013-09-26 22:19:36'),
	(17,2,'2013-09-26 22:19:36'),
	(18,1,'2013-09-26 22:19:48'),
	(18,2,'2013-09-26 22:19:48'),
	(19,1,'2013-09-26 22:20:05'),
	(19,2,'2013-09-26 22:20:05'),
	(20,1,'2013-09-26 22:46:53'),
	(20,2,'2013-09-26 22:46:53'),
	(21,1,'2013-09-26 22:50:23'),
	(21,2,'2013-09-26 22:50:23'),
	(22,1,'2013-09-26 22:53:35'),
	(22,2,'2013-09-26 22:53:35'),
	(23,1,'2013-09-26 22:53:54'),
	(23,2,'2013-09-26 22:53:54'),
	(24,1,'2013-09-26 22:55:57'),
	(24,2,'2013-09-26 22:55:57'),
	(25,1,'2013-09-26 22:56:39'),
	(25,2,'2013-09-26 22:56:39'),
	(26,1,'2013-09-26 22:57:09'),
	(26,2,'2013-09-26 22:57:09'),
	(27,1,'2013-09-26 22:58:50'),
	(27,2,'2013-09-26 22:58:50'),
	(28,1,'2013-09-26 22:59:05'),
	(28,2,'2013-09-26 22:59:05'),
	(29,1,'2013-09-26 22:59:44'),
	(29,2,'2013-09-26 22:59:44'),
	(30,1,'2013-09-26 23:02:02'),
	(30,2,'2013-09-26 23:02:02'),
	(31,1,'2013-09-26 23:02:20'),
	(31,2,'2013-09-26 23:02:20'),
	(32,1,'2013-09-26 23:04:02'),
	(32,2,'2013-09-26 23:04:02'),
	(33,1,'2013-09-26 23:04:04'),
	(33,2,'2013-09-26 23:04:04'),
	(34,1,'2013-09-26 23:04:17'),
	(34,2,'2013-09-26 23:04:17'),
	(35,1,'2013-09-26 23:04:52'),
	(35,2,'2013-09-26 23:04:52'),
	(36,1,'2013-09-26 23:05:32'),
	(36,2,'2013-09-26 23:05:32'),
	(37,1,'2013-09-26 23:06:06'),
	(37,2,'2013-09-26 23:06:06'),
	(38,1,'2013-09-26 23:06:15'),
	(38,2,'2013-09-26 23:06:15'),
	(39,1,'2013-09-26 23:06:23'),
	(39,2,'2013-09-26 23:06:23'),
	(40,1,'2013-09-26 23:06:42'),
	(40,2,'2013-09-26 23:06:42'),
	(41,1,'2013-09-26 23:07:19'),
	(41,2,'2013-09-26 23:07:19'),
	(42,1,'2013-09-26 23:07:51'),
	(42,2,'2013-09-26 23:07:51'),
	(43,1,'2013-09-26 23:07:57'),
	(43,2,'2013-09-26 23:07:57'),
	(44,1,'2013-09-26 23:08:05'),
	(44,2,'2013-09-26 23:08:05'),
	(45,1,'2013-09-27 18:39:33'),
	(45,2,'2013-09-27 18:39:33'),
	(46,1,'2013-09-27 19:43:27'),
	(46,2,'2013-09-27 19:43:27'),
	(47,1,'2013-09-27 19:45:21'),
	(47,2,'2013-09-27 19:45:21'),
	(48,1,'2013-09-27 19:46:33'),
	(48,2,'2013-09-27 19:46:33'),
	(49,1,'2013-09-27 19:46:54'),
	(49,2,'2013-09-27 19:46:54'),
	(50,1,'2013-09-27 19:47:02'),
	(50,2,'2013-09-27 19:47:02'),
	(51,1,'2013-09-27 19:48:13'),
	(51,2,'2013-09-27 19:48:13'),
	(52,1,'2013-09-27 19:48:23'),
	(52,2,'2013-09-27 19:48:23'),
	(53,1,'2013-09-27 19:48:34'),
	(53,2,'2013-09-27 19:48:34'),
	(54,1,'2013-09-27 19:48:59'),
	(54,2,'2013-09-27 19:48:59'),
	(55,1,'2013-09-27 19:49:21'),
	(55,2,'2013-09-27 19:49:21'),
	(56,1,'2013-09-27 19:49:29'),
	(56,2,'2013-09-27 19:49:29'),
	(57,1,'2013-09-27 19:49:52'),
	(57,2,'2013-09-27 19:49:52'),
	(58,1,'2013-09-27 19:50:52'),
	(58,2,'2013-09-27 19:50:52'),
	(59,1,'2013-09-27 19:52:57'),
	(59,2,'2013-09-27 19:52:57'),
	(60,1,'2013-09-27 19:54:47'),
	(60,2,'2013-09-27 19:54:47'),
	(61,1,'2013-09-27 19:55:15'),
	(61,2,'2013-09-27 19:55:15'),
	(62,1,'2013-09-27 19:56:19'),
	(62,2,'2013-09-27 19:56:19'),
	(63,1,'2013-09-27 19:56:47'),
	(63,2,'2013-09-27 19:56:47'),
	(64,1,'2013-09-27 19:57:27'),
	(64,2,'2013-09-27 19:57:27'),
	(65,1,'2013-09-27 19:58:02'),
	(65,2,'2013-09-27 19:58:02'),
	(66,1,'2013-09-27 19:58:44'),
	(66,2,'2013-09-27 19:58:44'),
	(67,1,'2013-09-27 19:59:05'),
	(67,2,'2013-09-27 19:59:05'),
	(68,1,'2013-09-27 19:59:46'),
	(68,2,'2013-09-27 19:59:46'),
	(69,1,'2013-09-27 19:59:54'),
	(69,2,'2013-09-27 19:59:54'),
	(70,1,'2013-09-27 20:04:59'),
	(70,2,'2013-09-27 20:04:59'),
	(82,1,'2013-09-29 23:23:06'),
	(82,2,'2013-09-29 23:23:06'),
	(83,1,'2013-09-29 23:23:41'),
	(83,2,'2013-09-29 23:23:41'),
	(84,1,'2013-09-29 23:24:37'),
	(84,2,'2013-09-29 23:24:37'),
	(85,1,'2013-09-29 23:25:05'),
	(85,2,'2013-09-29 23:25:05'),
	(86,1,'2013-09-29 23:25:08'),
	(86,2,'2013-09-29 23:25:08'),
	(87,1,'2013-09-29 23:25:28'),
	(87,2,'2013-09-29 23:25:28'),
	(88,1,'2013-09-29 23:30:18'),
	(88,2,'2013-09-29 23:30:18'),
	(89,1,'2013-09-29 23:35:17'),
	(89,2,'2013-09-29 23:35:17'),
	(90,1,'2013-09-29 23:35:53'),
	(90,2,'2013-09-29 23:35:53'),
	(91,1,'2013-09-29 23:36:21'),
	(91,2,'2013-09-29 23:36:21'),
	(92,1,'2013-09-29 23:36:40'),
	(92,2,'2013-09-29 23:36:40'),
	(93,1,'2013-09-29 23:37:55'),
	(93,2,'2013-09-29 23:37:55'),
	(94,1,'2013-09-29 23:38:07'),
	(94,2,'2013-09-29 23:38:07'),
	(95,1,'2013-09-29 23:38:24'),
	(95,2,'2013-09-29 23:38:24'),
	(96,1,'2013-09-29 23:47:32'),
	(96,2,'2013-09-29 23:47:32'),
	(97,1,'2013-09-29 23:48:14'),
	(97,2,'2013-09-29 23:48:14'),
	(98,1,'2013-09-29 23:48:51'),
	(98,2,'2013-09-29 23:48:51'),
	(99,1,'2013-09-29 23:50:40'),
	(99,2,'2013-09-29 23:50:40'),
	(100,1,'2013-09-29 23:51:29'),
	(100,2,'2013-09-29 23:51:29'),
	(101,1,'2013-09-29 23:51:37'),
	(101,2,'2013-09-29 23:51:37'),
	(102,1,'2013-09-30 21:59:48'),
	(102,2,'2013-09-30 21:59:48');

/*!40000 ALTER TABLE `event2child` ENABLE KEYS */;
UNLOCK TABLES;


# Dump of table group
# ------------------------------------------------------------

DROP TABLE IF EXISTS `group`;

CREATE TABLE `group` (
  `id` int(11) NOT NULL AUTO_INCREMENT,
  `kindergarten_id` int(11) NOT NULL,
  `name` varchar(50) NOT NULL,
  `external_id` varchar(100) NOT NULL,
  `created_at` timestamp NOT NULL DEFAULT CURRENT_TIMESTAMP,
  `updated_at` timestamp NOT NULL DEFAULT '0000-00-00 00:00:00',
  `photo_id` int(11) DEFAULT NULL,
  `color_id` int(11) DEFAULT NULL,
  PRIMARY KEY (`id`)
) ENGINE=InnoDB DEFAULT CHARSET=utf8;

LOCK TABLES `group` WRITE;
/*!40000 ALTER TABLE `group` DISABLE KEYS */;

INSERT INTO `group` (`id`, `kindergarten_id`, `name`, `external_id`, `created_at`, `updated_at`, `photo_id`, `color_id`)
VALUES
	(1,1,'Mel','test-group-01','2013-09-26 22:09:03','0000-00-00 00:00:00',NULL,NULL);

/*!40000 ALTER TABLE `group` ENABLE KEYS */;
UNLOCK TABLES;


# Dump of table image
# ------------------------------------------------------------

DROP TABLE IF EXISTS `image`;

CREATE TABLE `image` (
  `id` int(11) NOT NULL AUTO_INCREMENT,
  `path` blob NOT NULL,
  `created_at` timestamp NOT NULL DEFAULT CURRENT_TIMESTAMP,
  PRIMARY KEY (`id`)
) ENGINE=InnoDB DEFAULT CHARSET=utf8;



# Dump of table kindergarten
# ------------------------------------------------------------

DROP TABLE IF EXISTS `kindergarten`;

CREATE TABLE `kindergarten` (
  `id` int(11) NOT NULL AUTO_INCREMENT,
  `name` varchar(100) NOT NULL,
  `email` varchar(100) NOT NULL,
  `password` varchar(200) NOT NULL,
  `created_at` timestamp NOT NULL DEFAULT CURRENT_TIMESTAMP,
  `updated_at` timestamp NOT NULL DEFAULT '0000-00-00 00:00:00',
  `logo` int(11) DEFAULT NULL,
  PRIMARY KEY (`id`),
  UNIQUE KEY `email_UNIQUE` (`email`)
) ENGINE=InnoDB DEFAULT CHARSET=utf8;

LOCK TABLES `kindergarten` WRITE;
/*!40000 ALTER TABLE `kindergarten` DISABLE KEYS */;

INSERT INTO `kindergarten` (`id`, `name`, `email`, `password`, `created_at`, `updated_at`, `logo`)
VALUES
	(1,'4786e852-5267-401f-8e9b-4185721ac072@gmail.com','2a8f48da-49e8-428a-92a4-b549019ff08c','5f4dcc3b5aa765d61d8327deb882cf99','2013-09-25 19:14:37','2013-09-25 19:14:37',NULL),
	(2,'00192aa1-438f-496a-87a9-12f55faa5934@gmail.com','42d9eea2-b58e-4021-a51f-eff868b57fb8','5f4dcc3b5aa765d61d8327deb882cf99','2013-09-25 19:14:53','2013-09-25 19:14:53',NULL),
	(3,'a31c1890-141b-4e6c-addb-ce086b8a8c40@gmail.com','df2df0ba-5874-4b1e-ae05-e1d364f0b09d','5f4dcc3b5aa765d61d8327deb882cf99','2013-09-25 19:15:00','2013-09-25 19:15:00',NULL),
	(4,'a7fb32ef-0096-414c-a1f6-f6f4f99b9779@gmail.com','8385d7a2-c4ba-423e-ae9f-58a28db043e0','5f4dcc3b5aa765d61d8327deb882cf99','2013-09-25 19:15:08','2013-09-25 19:15:08',NULL),
	(5,'d67e7ae3-4637-4bc4-9552-9ad4e609c437@gmail.com','3960fe41-25ba-444e-9b4a-118f048f2ff3','5f4dcc3b5aa765d61d8327deb882cf99','2013-09-25 21:50:17','2013-09-25 21:50:17',NULL),
	(6,'589a1666-6e4e-4319-a60c-09c9e220acdf@gmail.com','237bca9f-cdc4-435d-bbfb-f72c5c9e0d87','5f4dcc3b5aa765d61d8327deb882cf99','2013-09-25 22:01:01','2013-09-25 22:01:01',NULL),
	(7,'97c9b6eb-145c-48e2-b6cd-53f854702396@gmail.com','a5ef0409-8a5f-4ea5-afd6-fe1c92f49b5a','5f4dcc3b5aa765d61d8327deb882cf99','2013-09-25 22:01:23','2013-09-25 22:01:23',NULL),
	(8,'7ae9db84-6a9e-4669-989a-47c27e19ec0a@gmail.com','6d31f790-ecef-455c-9025-016618060496','5f4dcc3b5aa765d61d8327deb882cf99','2013-09-25 22:01:42','2013-09-25 22:01:42',NULL),
	(9,'097d6767-470c-4c3d-b095-47392d00be33@gmail.com','0db5a9d5-df89-454f-b5cf-2574479eac13','5f4dcc3b5aa765d61d8327deb882cf99','2013-09-25 22:02:14','2013-09-25 22:02:14',NULL),
	(10,'065298c6-e5b5-4372-907e-8238c606e661@gmail.com','09b43a07-d9d8-44c5-907e-f82f72f039dd','5f4dcc3b5aa765d61d8327deb882cf99','2013-09-25 22:03:49','2013-09-25 22:03:49',NULL),
	(11,'ba5c0289-0626-4072-bf18-c3a244c678aa@gmail.com','b9bb40f9-0c67-4620-bd75-38518afcecee','5f4dcc3b5aa765d61d8327deb882cf99','2013-09-25 22:03:49','2013-09-25 22:03:49',NULL),
	(12,'0f6586be-c2f0-4435-ac5a-a24f043d374e@gmail.com','8135122d-f749-4760-a92d-9f10a2490ff7','5f4dcc3b5aa765d61d8327deb882cf99','2013-09-25 22:07:49','2013-09-25 22:07:49',NULL),
	(13,'237e4763-7784-4ca3-a567-0ef2a0379969@gmail.com','36a8560a-fb78-4c6b-965f-2a8f760fbc2f','5f4dcc3b5aa765d61d8327deb882cf99','2013-09-25 22:07:49','2013-09-25 22:07:49',NULL),
	(14,'e0958a5d-f13e-43c1-ba8d-5147ccbbaf93@gmail.com','df585d33-5c2c-4aae-8fa4-3e3a5f56603d','5f4dcc3b5aa765d61d8327deb882cf99','2013-09-25 22:08:21','2013-09-25 22:08:21',NULL),
	(15,'ff772fd6-ac13-421d-a760-0116d09e1752@gmail.com','9d8f7355-8f92-48c7-9972-9aa20547455e','5f4dcc3b5aa765d61d8327deb882cf99','2013-09-25 22:08:21','2013-09-25 22:08:21',NULL),
	(16,'df14ad09-30a9-4ec3-a787-114cb941ccf2@gmail.com','8cfab4f2-0553-422b-aa50-674bf90ffaf3','5f4dcc3b5aa765d61d8327deb882cf99','2013-09-25 22:08:44','2013-09-25 22:08:44',NULL),
	(17,'93b9fba4-94e0-4cc7-b865-44023b893bef@gmail.com','6b667ea0-6374-4b77-9e0c-e1c18b0399a4','5f4dcc3b5aa765d61d8327deb882cf99','2013-09-25 22:08:44','2013-09-25 22:08:44',NULL),
	(18,'0c04f8ed-e628-4f51-87da-4b479903ec83@gmail.com','1d9db75a-a62f-4b89-8645-00a0905ff9ef','5f4dcc3b5aa765d61d8327deb882cf99','2013-09-25 22:10:17','2013-09-25 22:10:17',NULL),
	(19,'d0d8d841-f1ed-4728-a28c-5cbf63974903@gmail.com','384d0521-c778-4dbb-978a-90427bb99587','5f4dcc3b5aa765d61d8327deb882cf99','2013-09-25 22:10:17','2013-09-25 22:10:17',NULL),
	(20,'368bc184-f49e-4a8a-940f-5e484b9f5ba7@gmail.com','76fda05f-02ce-4a57-908b-45c106fff4b6','5f4dcc3b5aa765d61d8327deb882cf99','2013-09-25 22:11:10','2013-09-25 22:11:10',NULL),
	(21,'f47d9c59-f326-44c7-a158-e09213fc3bbb@gmail.com','c6ec6178-3a1c-4d96-b737-9a12d6698e61','5f4dcc3b5aa765d61d8327deb882cf99','2013-09-25 22:11:10','2013-09-25 22:11:10',NULL),
	(22,'dd9f9afc-2c3d-4f11-9f7d-f9572c51ea82@gmail.com','6e42c7c3-b0db-4b00-b375-ecfb24779930','5f4dcc3b5aa765d61d8327deb882cf99','2013-09-25 22:13:32','2013-09-25 22:13:32',NULL),
	(23,'b903c2f5-5c4c-437f-893b-77ab9cf945cf@gmail.com','91469ee2-83ee-44de-ab17-e5aac2ff62f1','5f4dcc3b5aa765d61d8327deb882cf99','2013-09-25 22:13:32','2013-09-25 22:13:32',NULL),
	(24,'384c8079-3404-4e0a-ac21-27e141cb9e23@gmail.com','d271571f-4697-4e33-95f5-4a0c07267575','5f4dcc3b5aa765d61d8327deb882cf99','2013-09-25 22:14:44','2013-09-25 22:14:44',NULL),
	(25,'2528e2c9-a76b-4adc-b8f3-4081759503a4@gmail.com','df203fc4-d814-4ffe-b8e2-50f98a9cd203','5f4dcc3b5aa765d61d8327deb882cf99','2013-09-25 22:14:44','2013-09-25 22:14:44',NULL),
	(26,'77baa5be-cff0-4fa9-b927-76ab1312e4ed@gmail.com','f4c207f4-f32a-4fd6-a707-dc8d69732705','5f4dcc3b5aa765d61d8327deb882cf99','2013-09-25 22:15:24','2013-09-25 22:15:24',NULL),
	(27,'b3a3bc7d-a1c7-4426-8bda-c6d020904607@gmail.com','cb29ffba-7285-40c8-bc30-074d97cc600f','5f4dcc3b5aa765d61d8327deb882cf99','2013-09-25 22:15:24','2013-09-25 22:15:24',NULL),
	(28,'8f454640-624e-43c3-b2d4-16996a853f0f@gmail.com','08c0a795-9da4-4f33-9f65-bcd188c919c8','5f4dcc3b5aa765d61d8327deb882cf99','2013-09-25 22:18:39','2013-09-25 22:18:39',NULL),
	(29,'c3f5c24c-7c8f-475f-8879-886f20b82c67@gmail.com','9563d323-a3e9-4c23-a533-1d7c197799bb','5f4dcc3b5aa765d61d8327deb882cf99','2013-09-25 22:18:40','2013-09-25 22:18:40',NULL),
	(30,'1ee984e1-c467-4809-ae38-c8c53c38b146@gmail.com','0abc4d6a-97d7-4252-9d6f-fa6fb055e45c','5f4dcc3b5aa765d61d8327deb882cf99','2013-09-25 22:20:01','2013-09-25 22:20:01',NULL),
	(31,'61e0f128-9a55-48fd-8e6c-c8ff07f1c571@gmail.com','e40ff1be-3711-4ae2-8de1-5765c2dbcbd3','5f4dcc3b5aa765d61d8327deb882cf99','2013-09-25 22:20:01','2013-09-25 22:20:01',NULL),
	(32,'3dea7e43-57e0-4dfd-8583-7225e525a17a@gmail.com','ad4c1cca-5e25-4e4c-967b-be686f17dd94','5f4dcc3b5aa765d61d8327deb882cf99','2013-09-25 22:20:40','2013-09-25 22:20:40',NULL),
	(33,'f4331d4c-bfb9-4ffc-804c-8183af950766@gmail.com','64b58f2d-120e-4185-88cf-584e6fcb115e','5f4dcc3b5aa765d61d8327deb882cf99','2013-09-25 22:20:40','2013-09-25 22:20:40',NULL),
	(34,'2d41f6bb-939f-4a2d-a611-2836a2bce6a4@gmail.com','bd369898-70cf-4ca7-aa05-ace909852bb2','5f4dcc3b5aa765d61d8327deb882cf99','2013-09-25 22:22:14','2013-09-25 22:22:14',NULL),
	(35,'2775e625-6935-4ab3-a9f9-ce4ab3a78129@gmail.com','761f13a3-560c-4d28-ae79-f10dc47b9f5f','5f4dcc3b5aa765d61d8327deb882cf99','2013-09-25 22:22:14','2013-09-25 22:22:14',NULL),
	(36,'f3e4dad9-378e-478d-956a-a17ccd695a5d@gmail.com','e93cf1e8-5432-44da-a4c7-b1db87b733e5','5f4dcc3b5aa765d61d8327deb882cf99','2013-09-25 22:22:20','2013-09-25 22:22:20',NULL),
	(37,'c1c08099-2a30-4095-a262-b30572cace40@gmail.com','b53dee2b-9add-43ed-8e22-8c3e016905f2','5f4dcc3b5aa765d61d8327deb882cf99','2013-09-25 22:22:20','2013-09-25 22:22:20',NULL),
	(38,'7c5ea64e-4ae5-4a2e-985a-001820a9a4e0@gmail.com','b692d3d3-71e6-42c8-97fb-7a1fdcd1d24f','5f4dcc3b5aa765d61d8327deb882cf99','2013-09-25 22:22:45','2013-09-25 22:22:45',NULL),
	(39,'7e94225f-3cec-4da9-b1e6-826feec86aef@gmail.com','d13adedb-7ff5-4cfa-a7cc-271aa4bcf576','5f4dcc3b5aa765d61d8327deb882cf99','2013-09-25 22:22:45','2013-09-25 22:22:45',NULL),
	(40,'2495e6fb-943c-4965-9884-2d42cf24d65d@gmail.com','0c1cfaba-5a05-4759-b99a-ed00f626fea5','5f4dcc3b5aa765d61d8327deb882cf99','2013-09-25 22:22:53','2013-09-25 22:22:53',NULL),
	(41,'ab9ff4de-6e2d-4729-865e-3e68bf8ffc3d@gmail.com','1a9305f4-b7bf-4c17-8086-a772fe0aa884','5f4dcc3b5aa765d61d8327deb882cf99','2013-09-25 22:22:53','2013-09-25 22:22:53',NULL),
	(42,'790d0659-dae7-4431-9be7-2cac220cdbd1@gmail.com','681dcea5-e0a9-4627-953a-dbf9429df165','5f4dcc3b5aa765d61d8327deb882cf99','2013-09-25 22:26:35','2013-09-25 22:26:35',NULL),
	(43,'78335990-8d8a-405a-8c3b-61db01c35c1f@gmail.com','35475ed5-d4d4-44c5-b726-7faefcdaeaa4','5f4dcc3b5aa765d61d8327deb882cf99','2013-09-25 22:26:36','2013-09-25 22:26:36',NULL),
	(44,'0c53330b-010a-4b5b-9810-08582526a0ad@gmail.com','68933a0e-dd47-482b-bea4-5c9ad858891b','5f4dcc3b5aa765d61d8327deb882cf99','2013-09-25 22:26:41','2013-09-25 22:26:41',NULL),
	(45,'526ce5f8-2fee-4e26-a26b-b7239bfbc675@gmail.com','2053f8ee-8154-4893-ba8d-fbb4522fd47b','5f4dcc3b5aa765d61d8327deb882cf99','2013-09-25 22:26:41','2013-09-25 22:26:41',NULL),
	(46,'33e4c394-bfcb-46f2-b537-617a3f106cf3','f296ee43-ee11-4601-bc85-83a837b83e42@gmail.com','5f4dcc3b5aa765d61d8327deb882cf99','2013-09-25 22:28:33','2013-09-25 22:28:33',NULL),
	(47,'427027fa-01bd-4cfe-ad5f-cd9833126850','90ba39ec-865b-4316-972c-f0f0837782f1@gmail.com','5f4dcc3b5aa765d61d8327deb882cf99','2013-09-25 22:28:33','2013-09-25 22:28:33',NULL),
	(48,'755a66fd-5d1e-4876-8f28-9d894c6e4d70','1f40b4cf-aca4-490e-894a-27341084391e@gmail.com','5f4dcc3b5aa765d61d8327deb882cf99','2013-09-25 22:28:44','2013-09-25 22:28:44',NULL),
	(49,'7d7231a3-bc29-47ee-8e60-f46239afa90f','7ee5dc79-2b95-493a-9b71-00d14ed636af@gmail.com','5f4dcc3b5aa765d61d8327deb882cf99','2013-09-25 22:28:44','2013-09-25 22:28:44',NULL),
	(50,'154efcc4-0334-4e45-a6fc-f4c86a14cf67','7fba33cb-2ba4-4547-a669-fe233ae146ec@gmail.com','5f4dcc3b5aa765d61d8327deb882cf99','2013-09-25 22:29:22','2013-09-25 22:29:22',NULL),
	(51,'5fc9f107-633a-4162-b2ca-8d218cd68dab','3d55f3dc-205e-4e39-8283-6df572f8f676@gmail.com','5f4dcc3b5aa765d61d8327deb882cf99','2013-09-25 22:29:22','2013-09-25 22:29:22',NULL),
	(52,'860cd8b3-2f82-4193-bb39-4c4c2dc8e080','bb37c515-b43c-4583-b75f-9d9adb846afc@gmail.com','5f4dcc3b5aa765d61d8327deb882cf99','2013-09-26 21:25:31','2013-09-26 21:25:31',NULL),
	(53,'fe2bc2da-0c75-4bee-94ab-44e909f48fa7','f2cccb22-a3ed-4248-b4ca-8c3464277fd8@gmail.com','5f4dcc3b5aa765d61d8327deb882cf99','2013-09-26 21:25:32','2013-09-26 21:25:32',NULL),
	(54,'3e570926-cc5f-45ad-8ed0-034458672076','70a4aad0-2d63-4125-b0ac-c10726bd47aa@gmail.com','5f4dcc3b5aa765d61d8327deb882cf99','2013-09-26 21:25:46','2013-09-26 21:25:46',NULL),
	(55,'85ee4da1-f8eb-42f4-9c76-48fe5c4f55a5','0e60dde4-48ea-48ae-a7e5-177219387149@gmail.com','5f4dcc3b5aa765d61d8327deb882cf99','2013-09-26 21:25:46','2013-09-26 21:25:46',NULL),
	(56,'a96b8d23-e4c8-482c-aa6e-f6cb5eccdf40','713eb2f9-1f0b-4014-98ce-0363cff3d1f5@gmail.com','5f4dcc3b5aa765d61d8327deb882cf99','2013-09-26 21:26:27','2013-09-26 21:26:27',NULL),
	(57,'de8e3466-8f53-4ccd-b00d-d4ba81437b2d','17034d6f-e472-43db-b8d2-d8a2eaae8e1e@gmail.com','5f4dcc3b5aa765d61d8327deb882cf99','2013-09-26 21:26:27','2013-09-26 21:26:27',NULL),
	(58,'ae7345af-aa11-4521-8e49-8675c7d33e29','33a9db30-d10a-4bea-aa69-b93b66d3c018@gmail.com','5f4dcc3b5aa765d61d8327deb882cf99','2013-09-26 21:27:02','2013-09-26 21:27:02',NULL),
	(59,'466e1dfe-d4e3-4373-afe0-1007501d0f81','8e99d086-90f0-473a-ab6b-7a7a03adcc0c@gmail.com','5f4dcc3b5aa765d61d8327deb882cf99','2013-09-26 21:27:02','2013-09-26 21:27:02',NULL),
	(60,'76f32c85-6800-4075-b02c-15fcbf1f3348','1d222d51-604f-4678-a13f-427afeda394f@gmail.com','5f4dcc3b5aa765d61d8327deb882cf99','2013-09-26 21:28:37','2013-09-26 21:28:37',NULL),
	(61,'bdcce061-78e5-4185-b7bf-726369830832','ad543e99-f099-4b7e-a48d-103eae1cb954@gmail.com','5f4dcc3b5aa765d61d8327deb882cf99','2013-09-26 21:28:37','2013-09-26 21:28:37',NULL),
	(62,'d015fd9c-5e05-4cbe-8240-274bf4c5ca65','66694975-c8f1-4129-8fad-91132c5c1ea3@gmail.com','5f4dcc3b5aa765d61d8327deb882cf99','2013-09-26 21:28:41','2013-09-26 21:28:41',NULL),
	(63,'b94e82c3-342a-400d-bfd1-c10d83d9a65c','a46ef7c1-da57-48e6-8ab2-661dcf7274f8@gmail.com','5f4dcc3b5aa765d61d8327deb882cf99','2013-09-26 21:28:41','2013-09-26 21:28:41',NULL),
	(64,'2b61f882-8fcd-4095-ba04-d680d3c7f0ec','d31860ec-fca4-4dd2-948c-c7a8d5f39303@gmail.com','5f4dcc3b5aa765d61d8327deb882cf99','2013-09-26 21:28:52','2013-09-26 21:28:52',NULL),
	(65,'396f4912-7501-4827-87dd-0602d625c8e1','23c370ec-997f-46d9-a53f-2cc58bcc776a@gmail.com','5f4dcc3b5aa765d61d8327deb882cf99','2013-09-26 21:28:52','2013-09-26 21:28:52',NULL),
	(66,'b1a107fe-4edf-45b5-9e1e-c4d7da742c32','a4d916c9-22af-47e1-943a-9e474eada2c4@gmail.com','5f4dcc3b5aa765d61d8327deb882cf99','2013-09-26 21:28:55','2013-09-26 21:28:55',NULL),
	(67,'bbdc2fe0-39d3-42e0-b660-3b20925f6d39','8179b2b8-17af-4d84-a77f-c76034583e16@gmail.com','5f4dcc3b5aa765d61d8327deb882cf99','2013-09-26 21:28:55','2013-09-26 21:28:55',NULL),
	(68,'559a6bb3-eabe-45e6-a94b-f1283c89a165','c689e261-45f3-43d9-8e72-7b6cf7f81544@gmail.com','5f4dcc3b5aa765d61d8327deb882cf99','2013-09-26 21:30:22','2013-09-26 21:30:22',NULL),
	(69,'b84db11e-16bd-48aa-9efd-69e531db70f2','40654555-160b-4c1d-8f8e-749a3d0328fd@gmail.com','5f4dcc3b5aa765d61d8327deb882cf99','2013-09-26 21:30:22','2013-09-26 21:30:22',NULL),
	(70,'575fd0d1-acc6-4483-ad3a-448767ce30bb','11f81669-29f1-4d26-bbf2-d1ca53f52d04@gmail.com','5f4dcc3b5aa765d61d8327deb882cf99','2013-09-26 21:30:24','2013-09-26 21:30:24',NULL),
	(71,'4706008c-8b97-4e23-84b0-9e6f4a996b17','98e49b64-3f0a-4538-a811-8a201e9164a4@gmail.com','5f4dcc3b5aa765d61d8327deb882cf99','2013-09-26 21:30:24','2013-09-26 21:30:24',NULL),
	(72,'d9e30c80-390e-494b-9e0f-338301f93f9f','7e1fa30b-4d25-43e1-957e-13879ddb2d47@gmail.com','5f4dcc3b5aa765d61d8327deb882cf99','2013-09-26 21:36:20','2013-09-26 21:36:20',NULL),
	(73,'787f47d4-70cb-4e79-9e30-86649742484a','b15d73e6-63fa-487e-a70d-c766c2786ed8@gmail.com','5f4dcc3b5aa765d61d8327deb882cf99','2013-09-26 21:36:20','2013-09-26 21:36:20',NULL),
	(74,'98ddc7ea-96c1-4944-bf6c-f97474951231','0bcec28b-b0be-469d-bf8b-877078044aa6@gmail.com','5f4dcc3b5aa765d61d8327deb882cf99','2013-09-26 21:36:23','2013-09-26 21:36:23',NULL),
	(75,'f957b26e-1f72-42ae-9536-ce81e4bd7cd7','3ee72ab5-2343-47c9-a5f1-f07c86e9ff02@gmail.com','5f4dcc3b5aa765d61d8327deb882cf99','2013-09-26 21:36:23','2013-09-26 21:36:23',NULL),
	(76,'92578008-c16e-4d16-8fe0-18e91fd0ef7d','718673d3-9212-4d4e-9e53-76ca8c9f81dc@gmail.com','5f4dcc3b5aa765d61d8327deb882cf99','2013-09-26 21:36:33','2013-09-26 21:36:33',NULL),
	(77,'ea4057ee-64c1-494c-a2e7-3159f057e73f','655921e7-a5af-4cbc-9c0a-380967fb7b18@gmail.com','5f4dcc3b5aa765d61d8327deb882cf99','2013-09-26 21:36:33','2013-09-26 21:36:33',NULL),
	(78,'f6c0c141-a370-4f3a-b6fa-c95e9c3c837e','1a269ad1-2da0-44a4-9e5c-8b0fd3cc6d3b@gmail.com','5f4dcc3b5aa765d61d8327deb882cf99','2013-09-26 21:36:36','2013-09-26 21:36:36',NULL),
	(79,'8163cff2-3845-4686-8087-b61def225e1e','2a48009c-a19b-4dc2-b6ca-32c6cba6cc31@gmail.com','5f4dcc3b5aa765d61d8327deb882cf99','2013-09-26 21:36:36','2013-09-26 21:36:36',NULL),
	(80,'1303479f-a2ea-4f4d-95d9-4efd64d4b127','3d93d5cb-0a4c-475f-8a7b-0458c99f6105@gmail.com','5f4dcc3b5aa765d61d8327deb882cf99','2013-09-26 21:40:45','2013-09-26 21:40:45',NULL),
	(81,'392c6f59-07e3-4845-8304-6d7e3c323f20','edba8270-217e-416b-b02c-c7abbfa27d32@gmail.com','5f4dcc3b5aa765d61d8327deb882cf99','2013-09-26 21:40:45','2013-09-26 21:40:45',NULL),
	(82,'d1d5dad7-8a7d-44f3-917d-fcc6184ed7e0','04dee298-8038-4521-86e6-7698fd47d6c9@gmail.com','5f4dcc3b5aa765d61d8327deb882cf99','2013-09-26 21:41:07','2013-09-26 21:41:07',NULL),
	(83,'a4559b1c-316d-4efd-9ee4-adcbaeaae611','de5a3ca0-3ca0-4ad9-a3c3-3a6ee8795ff0@gmail.com','5f4dcc3b5aa765d61d8327deb882cf99','2013-09-26 21:41:07','2013-09-26 21:41:07',NULL),
	(84,'2a25e44c-3edd-48f6-8544-0b9046e14fc6','d586d1f0-5bef-455a-a489-ad2a039272ef@gmail.com','5f4dcc3b5aa765d61d8327deb882cf99','2013-09-26 21:42:20','2013-09-26 21:42:20',NULL),
	(85,'0e5fe9a8-54f1-4e6e-b11c-913044ea70c1','0af32fcf-7381-463e-8d2e-704b1fd5bcb6@gmail.com','5f4dcc3b5aa765d61d8327deb882cf99','2013-09-26 21:42:20','2013-09-26 21:42:20',NULL),
	(86,'e0bda5f2-66aa-402d-b799-c105c24fd049','c25e7873-a45b-4c40-9fef-f284007ca233@gmail.com','5f4dcc3b5aa765d61d8327deb882cf99','2013-09-26 21:42:58','2013-09-26 21:42:58',NULL),
	(87,'2dc2a0a4-a417-4aa3-b22c-69fbca51a9d7','fac222f6-e7ff-4cb2-8a14-9ff6ba19c629@gmail.com','5f4dcc3b5aa765d61d8327deb882cf99','2013-09-26 21:42:58','2013-09-26 21:42:58',NULL),
	(88,'44b2a3aa-1678-4cae-91b6-c2a4b0fa1c24','6bade8e0-3001-4ea1-9f19-bacca25248ed@gmail.com','5f4dcc3b5aa765d61d8327deb882cf99','2013-09-26 21:43:12','2013-09-26 21:43:12',NULL),
	(89,'ca725998-cea8-484c-b65c-9935d71ab13e','f4687ba8-4e6f-4059-b1be-06e03184aed5@gmail.com','5f4dcc3b5aa765d61d8327deb882cf99','2013-09-26 21:43:12','2013-09-26 21:43:12',NULL),
	(90,'2c7106c0-c9aa-4a4b-ada8-1f561901c566','46a49717-5723-44c0-8be0-5d44628f7931@gmail.com','5f4dcc3b5aa765d61d8327deb882cf99','2013-09-26 22:07:25','2013-09-26 22:07:25',NULL),
	(91,'5e0b3add-d374-4144-a136-a87594e252b5','cfeb8610-6cd3-48d4-bcf8-4b03613c0bf6@gmail.com','5f4dcc3b5aa765d61d8327deb882cf99','2013-09-26 22:07:25','2013-09-26 22:07:25',NULL),
	(92,'5c7340d3-25cb-448d-954d-7bd884527ac9','c39b2ffb-af4f-4e4f-aa92-6fbaa312fe1f@gmail.com','5f4dcc3b5aa765d61d8327deb882cf99','2013-09-26 22:09:20','2013-09-26 22:09:20',NULL),
	(93,'9419f4bf-3180-46f2-b585-3b1f53b7794f','7244c4e0-3f96-4c6a-a634-1e0a566768a0@gmail.com','5f4dcc3b5aa765d61d8327deb882cf99','2013-09-26 22:09:20','2013-09-26 22:09:20',NULL),
	(94,'3ac382ac-a02b-4820-90a7-002f97c7da86','20cbf351-3294-4f2e-9ad4-bb9d266d6eeb@gmail.com','5f4dcc3b5aa765d61d8327deb882cf99','2013-09-26 22:09:25','2013-09-26 22:09:25',NULL),
	(95,'31124b6c-9c25-4c13-bcf5-83cd374f3aba','8ece1682-9dad-4fd7-849a-0f34af3afe1e@gmail.com','5f4dcc3b5aa765d61d8327deb882cf99','2013-09-26 22:09:25','2013-09-26 22:09:25',NULL),
	(96,'d660c585-260c-45e0-be8f-a16ac2b6a368','6ca568b0-56b9-4438-86cf-e22bd3d9cf2b@gmail.com','5f4dcc3b5aa765d61d8327deb882cf99','2013-09-26 22:11:04','2013-09-26 22:11:04',NULL),
	(97,'d4856b3b-0087-4b25-a554-d083825792b1','a887e9c1-8005-4de9-809b-047333bdd270@gmail.com','5f4dcc3b5aa765d61d8327deb882cf99','2013-09-26 22:11:04','2013-09-26 22:11:04',NULL),
	(98,'b715ccd0-3a25-407c-8de1-aa8e591e3dc6','6c55c9e6-fad4-4c49-b3f6-9e35aef43c93@gmail.com','5f4dcc3b5aa765d61d8327deb882cf99','2013-09-26 22:11:06','2013-09-26 22:11:06',NULL),
	(99,'7686560c-8a8a-409d-b49c-ea63376ef41b','c13da55b-be52-4b28-b1f3-556f0a946a52@gmail.com','5f4dcc3b5aa765d61d8327deb882cf99','2013-09-26 22:11:06','2013-09-26 22:11:06',NULL),
	(100,'e5be740d-c96b-4d10-a1a0-1a8c2383c944','06ea2dd0-d26a-4506-9a2a-9fd50b46548a@gmail.com','5f4dcc3b5aa765d61d8327deb882cf99','2013-09-26 22:11:33','2013-09-26 22:11:33',NULL),
	(101,'75694ec3-c9a3-4a11-990f-e1a600354011','11dcf95a-5444-4cc3-8def-e1f2e76f2c07@gmail.com','5f4dcc3b5aa765d61d8327deb882cf99','2013-09-26 22:11:33','2013-09-26 22:11:33',NULL),
	(102,'f01c9948-f5e1-4705-ae4d-1f169ef39b59','f90c038d-c830-45df-abed-b041870c3075@gmail.com','5f4dcc3b5aa765d61d8327deb882cf99','2013-09-26 22:11:35','2013-09-26 22:11:35',NULL),
	(103,'8150fa5f-c62f-476a-9e08-fa08cb1bc120','5ce2b4e3-8982-499c-b4b5-ec49da160d01@gmail.com','5f4dcc3b5aa765d61d8327deb882cf99','2013-09-26 22:11:35','2013-09-26 22:11:35',NULL),
	(104,'81de5a6b-10f7-4de7-a3f7-6d705bebcb8c','e475a8ff-7bc2-4093-889b-922f526e2720@gmail.com','5f4dcc3b5aa765d61d8327deb882cf99','2013-09-26 22:13:21','2013-09-26 22:13:21',NULL),
	(105,'7908ce5e-aa66-4051-b9ee-42e9500d1044','3a863e76-7522-4410-8824-192ccbd7b0d3@gmail.com','5f4dcc3b5aa765d61d8327deb882cf99','2013-09-26 22:13:21','2013-09-26 22:13:21',NULL),
	(106,'4f1d4204-bda9-4d0a-b030-3ec92cb7ccbe','39b12d04-298d-432b-9161-6ff12a6bb058@gmail.com','5f4dcc3b5aa765d61d8327deb882cf99','2013-09-26 22:14:40','2013-09-26 22:14:40',NULL),
	(107,'8535b029-4963-446d-a04b-89db5ac18240','8f5939c8-93c4-4c0a-94ba-05498fe5cc47@gmail.com','5f4dcc3b5aa765d61d8327deb882cf99','2013-09-26 22:14:40','2013-09-26 22:14:40',NULL),
	(108,'46d2b72d-ced8-4afc-98e9-dbe69cd30b10','917d9657-aa58-47bd-872f-fac9a7062eca@gmail.com','5f4dcc3b5aa765d61d8327deb882cf99','2013-09-26 22:16:16','2013-09-26 22:16:16',NULL),
	(109,'458cbb73-e483-4847-9368-7a160cd30cfc','f8d04e26-0f04-499d-bed5-3f320a990331@gmail.com','5f4dcc3b5aa765d61d8327deb882cf99','2013-09-26 22:16:16','2013-09-26 22:16:16',NULL),
	(110,'8ad525f7-dce5-434e-a260-daf58d6b3eed','def93dab-3abc-4f37-a85a-34acff8c2976@gmail.com','5f4dcc3b5aa765d61d8327deb882cf99','2013-09-26 22:18:35','2013-09-26 22:18:35',NULL),
	(111,'21f30c3a-a3e4-48e7-9022-273cbecd0c99','b95247dc-bfe3-4aed-accd-035bbe19ab2b@gmail.com','5f4dcc3b5aa765d61d8327deb882cf99','2013-09-26 22:18:35','2013-09-26 22:18:35',NULL),
	(112,'88237acf-9c3a-426a-8852-fa1a4cdff5c9','ecbeabe8-4623-4c67-85d3-4c5c0c9e1c5a@gmail.com','5f4dcc3b5aa765d61d8327deb882cf99','2013-09-26 22:19:36','2013-09-26 22:19:36',NULL),
	(113,'9263a240-6ecf-457d-88d6-6dd2ed4cf28c','51b346f8-14c0-4f33-aece-3a4ff8984851@gmail.com','5f4dcc3b5aa765d61d8327deb882cf99','2013-09-26 22:19:37','2013-09-26 22:19:37',NULL),
	(114,'29dfe387-9d92-4ca5-9ff8-e0a9d6f2a75e','9f125a28-7d26-49fc-b099-9203da11189d@gmail.com','5f4dcc3b5aa765d61d8327deb882cf99','2013-09-26 22:19:48','2013-09-26 22:19:48',NULL),
	(115,'377b26f3-66a3-498f-ae0b-7b1650dd7789','3a79b91b-b963-4701-9bb7-9bd6fc1cfd67@gmail.com','5f4dcc3b5aa765d61d8327deb882cf99','2013-09-26 22:19:48','2013-09-26 22:19:48',NULL),
	(116,'0c8d0eed-ae3a-42c1-bca6-d243b07dca96','54b2a1ed-b3db-4429-b935-097f919be0b3@gmail.com','5f4dcc3b5aa765d61d8327deb882cf99','2013-09-26 22:20:05','2013-09-26 22:20:05',NULL),
	(117,'f9b2b7a4-19dd-42f0-a41a-c7e098202981','4bddb680-d5a1-4c5b-ab87-a30158acf13b@gmail.com','5f4dcc3b5aa765d61d8327deb882cf99','2013-09-26 22:20:05','2013-09-26 22:20:05',NULL),
	(118,'dd5a9095-1fd2-415f-a20a-33baac3b9ccc','132949da-e21b-4619-b8f1-b24571771708@gmail.com','5f4dcc3b5aa765d61d8327deb882cf99','2013-09-26 22:46:53','2013-09-26 22:46:53',NULL),
	(119,'3d19a7e4-5bdd-4456-ba6c-6708e8acff36','8a752dc0-39ac-4fcf-a42c-c726d4d76721@gmail.com','5f4dcc3b5aa765d61d8327deb882cf99','2013-09-26 22:46:53','2013-09-26 22:46:53',NULL),
	(120,'0a02eb8b-b9a2-4acd-9e19-451230f7bde7','b3198347-6203-4686-affe-1e9668ceef6e@gmail.com','5f4dcc3b5aa765d61d8327deb882cf99','2013-09-26 22:53:35','2013-09-26 22:53:35',NULL),
	(121,'55e5fd3c-8b0d-4d4d-a979-43fa51d4a26c','1cb22aa6-a231-4347-8fda-38539bf028e4@gmail.com','5f4dcc3b5aa765d61d8327deb882cf99','2013-09-26 22:53:35','2013-09-26 22:53:35',NULL),
	(122,'93b69aad-621c-4982-baeb-0744d33fe5a0','8e57d26b-cefe-4321-8e35-f620ee248d07@gmail.com','5f4dcc3b5aa765d61d8327deb882cf99','2013-09-26 22:53:54','2013-09-26 22:53:54',NULL),
	(123,'5637167f-5275-477f-a90c-a5aa5e6038fe','69c9c6c5-5845-4507-b86c-3629d1a84ccc@gmail.com','5f4dcc3b5aa765d61d8327deb882cf99','2013-09-26 22:53:54','2013-09-26 22:53:54',NULL),
	(124,'7f722477-e2ae-4a09-bdbf-0328b4e853f8','fe46ba1e-fda3-4e6d-8649-b36cd408282f@gmail.com','5f4dcc3b5aa765d61d8327deb882cf99','2013-09-26 22:55:57','2013-09-26 22:55:57',NULL),
	(125,'99b4648b-088d-4847-8fa3-ae30bb652e77','e691c450-9bc8-4868-a265-66e8698d51e4@gmail.com','5f4dcc3b5aa765d61d8327deb882cf99','2013-09-26 22:55:57','2013-09-26 22:55:57',NULL),
	(126,'0ee4a589-4fd8-4044-8a8e-ec19da4da43c','e0082e10-5927-41a2-8990-e2155560b6ac@gmail.com','5f4dcc3b5aa765d61d8327deb882cf99','2013-09-26 22:56:39','2013-09-26 22:56:39',NULL),
	(127,'fa63b6f7-6414-495e-b335-402309e55e34','dcb171e5-21e2-4124-8184-32a5d2de2a38@gmail.com','5f4dcc3b5aa765d61d8327deb882cf99','2013-09-26 22:56:39','2013-09-26 22:56:39',NULL),
	(128,'c2566f08-9f2c-43e8-9543-43c8a195dcf8','2b833b2f-65a2-4bc1-8aff-58b3c3cb813c@gmail.com','5f4dcc3b5aa765d61d8327deb882cf99','2013-09-26 22:57:09','2013-09-26 22:57:09',NULL),
	(129,'22957c21-253f-4217-99c4-4b92bed54972','3f8a4b01-b0df-440a-89f3-6d3d39f5f4c6@gmail.com','5f4dcc3b5aa765d61d8327deb882cf99','2013-09-26 22:57:09','2013-09-26 22:57:09',NULL),
	(130,'a0009c44-02fd-4a10-b673-6e5bd1de7252','e0c55e19-40c5-4823-9480-e06e1f0ebe25@gmail.com','5f4dcc3b5aa765d61d8327deb882cf99','2013-09-26 22:58:50','2013-09-26 22:58:50',NULL),
	(131,'997cf94c-3ffb-4950-8a82-ff4538e9ef10','6fdb12a0-f641-4b3a-b069-6bf8960a4ed6@gmail.com','5f4dcc3b5aa765d61d8327deb882cf99','2013-09-26 22:58:51','2013-09-26 22:58:51',NULL),
	(132,'60ed933e-a044-4ada-a6bc-f9151365fd59','5f6fb471-17c4-4119-8997-5e3b1fbac6d1@gmail.com','5f4dcc3b5aa765d61d8327deb882cf99','2013-09-26 23:04:52','2013-09-26 23:04:52',NULL),
	(133,'f0c9ae07-88da-4c14-a25c-a951a50efd7a','27c5345e-0398-4648-bc6a-62135c5243fc@gmail.com','5f4dcc3b5aa765d61d8327deb882cf99','2013-09-26 23:04:52','2013-09-26 23:04:52',NULL),
	(134,'7ce88ebf-b8fc-47df-864a-5185c310ac22','a0542694-875b-4ec3-a063-c26d57730e0c@gmail.com','5f4dcc3b5aa765d61d8327deb882cf99','2013-09-26 23:05:32','2013-09-26 23:05:32',NULL),
	(135,'895d4ec3-6f9b-4e03-9ffa-b1a3d7dc792f','407eb7df-00ad-49f5-ba91-afa404a5bafd@gmail.com','5f4dcc3b5aa765d61d8327deb882cf99','2013-09-26 23:05:32','2013-09-26 23:05:32',NULL),
	(136,'8d5a9bf5-63b0-4668-a457-ed65c4d2a3ee','b4e2cf84-a562-4fdd-b63f-8188a8198442@gmail.com','5f4dcc3b5aa765d61d8327deb882cf99','2013-09-26 23:06:15','2013-09-26 23:06:15',NULL),
	(137,'9b587ddb-92de-4d18-bbd8-6097a9f39189','abe00378-6c1a-493d-afd3-b18b20bc55fc@gmail.com','5f4dcc3b5aa765d61d8327deb882cf99','2013-09-26 23:06:15','2013-09-26 23:06:15',NULL),
	(138,'4686fe9a-de6c-44a6-8dce-29ba60ad8705','99dcccdc-b05f-4f8a-959e-052ba2075f3a@gmail.com','5f4dcc3b5aa765d61d8327deb882cf99','2013-09-26 23:06:23','2013-09-26 23:06:23',NULL),
	(139,'2e8e7c0e-1d09-41b0-8f36-56a680a7b31d','d652f047-b260-4236-b492-da1ddf9e4e90@gmail.com','5f4dcc3b5aa765d61d8327deb882cf99','2013-09-26 23:06:23','2013-09-26 23:06:23',NULL),
	(140,'590c03fa-38fa-4ab7-afb3-117d74e622f9','2940a102-ce85-401c-8319-14ad800e944a@gmail.com','5f4dcc3b5aa765d61d8327deb882cf99','2013-09-26 23:06:42','2013-09-26 23:06:42',NULL),
	(141,'ede7b7d5-9d1f-44e2-8120-322d8dd1de22','f14d8380-b29b-4a55-80c2-22716ca513ad@gmail.com','5f4dcc3b5aa765d61d8327deb882cf99','2013-09-26 23:06:42','2013-09-26 23:06:42',NULL),
	(142,'3e91d7a7-3d5f-442c-94fc-0f8f9ea874a9','a5104a5b-79a8-4a14-94b2-bc3fefdd2516@gmail.com','5f4dcc3b5aa765d61d8327deb882cf99','2013-09-26 23:08:05','2013-09-26 23:08:05',NULL),
	(143,'908bbd38-1820-4d3e-83e8-c3c45f125baf','6de720c8-62d9-405c-9945-b2b3437d8c88@gmail.com','5f4dcc3b5aa765d61d8327deb882cf99','2013-09-26 23:08:05','2013-09-26 23:08:05',NULL),
	(144,'3163210b-00fd-4f18-95df-9fa7bb0c2869','1f473f99-d90b-4450-b87d-e3a057bd0015@gmail.com','5f4dcc3b5aa765d61d8327deb882cf99','2013-09-27 19:48:23','2013-09-27 19:48:23',NULL),
	(145,'7f6b5170-f8df-45d1-ab20-25e0b57bf643','f517d8b6-f426-4c8c-847e-07fbedaab89f@gmail.com','5f4dcc3b5aa765d61d8327deb882cf99','2013-09-27 19:48:23','2013-09-27 19:48:23',NULL),
	(146,'d0049fd6-1df7-4772-88de-582fcccc4aa3','d71e41d5-cf15-43a0-8a26-3dc9e1aa7c8b@gmail.com','5f4dcc3b5aa765d61d8327deb882cf99','2013-09-27 19:54:47','2013-09-27 19:54:47',NULL),
	(147,'84a858aa-506a-4aaf-86c0-dcbf04a052fe','ff412c3e-5392-4649-a8f2-a79266724b0b@gmail.com','5f4dcc3b5aa765d61d8327deb882cf99','2013-09-27 19:54:47','2013-09-27 19:54:47',NULL),
	(148,'a3c34f03-46cd-4332-a3c7-7252569705c1','eb8e3db8-ca5b-4809-b855-31e374b8c19c@gmail.com','5f4dcc3b5aa765d61d8327deb882cf99','2013-09-27 19:56:19','2013-09-27 19:56:19',NULL),
	(149,'2d8cc811-0b6c-4891-a7a4-ba77c1ed7f8c','71b4f345-360f-49c1-b410-9968cacca415@gmail.com','5f4dcc3b5aa765d61d8327deb882cf99','2013-09-27 19:56:19','2013-09-27 19:56:19',NULL),
	(150,'b6912eff-8e5b-47c4-bd6c-ef4a16b1ac94','bffffb4b-4112-4bb1-ad55-efb367d11902@gmail.com','5f4dcc3b5aa765d61d8327deb882cf99','2013-09-27 19:56:47','2013-09-27 19:56:47',NULL),
	(151,'a76abe1f-5750-4e89-af39-fab58cc5b733','eb48510d-bead-4418-b174-db93b9043aa4@gmail.com','5f4dcc3b5aa765d61d8327deb882cf99','2013-09-27 19:56:47','2013-09-27 19:56:47',NULL),
	(152,'9b1a4f51-1d5a-4fdf-8666-a19b27700152','d18e3829-2431-4603-8be5-76e1ff4331a5@gmail.com','5f4dcc3b5aa765d61d8327deb882cf99','2013-09-27 19:57:27','2013-09-27 19:57:27',NULL),
	(153,'1c49772d-798a-40ca-8085-e92de3a347c6','becd9a26-c2a6-4bf7-8989-e6d18610d9f5@gmail.com','5f4dcc3b5aa765d61d8327deb882cf99','2013-09-27 19:57:27','2013-09-27 19:57:27',NULL),
	(154,'26a6f7fd-777b-4f84-af3a-b014c5ab3cc6','c05d8406-fc62-4b8c-9103-c3db6128840c@gmail.com','5f4dcc3b5aa765d61d8327deb882cf99','2013-09-27 19:58:02','2013-09-27 19:58:02',NULL),
	(155,'24ed7783-8b02-4506-a8e5-065ae1a8b168','c67143d2-423c-4704-9010-e36570be0d42@gmail.com','5f4dcc3b5aa765d61d8327deb882cf99','2013-09-27 19:58:02','2013-09-27 19:58:02',NULL),
	(156,'514c4b87-c53a-4a39-b9ba-9721e9c8244c','1baf8d46-eca9-4c98-b78f-5cffce7f2c1c@gmail.com','5f4dcc3b5aa765d61d8327deb882cf99','2013-09-27 19:58:44','2013-09-27 19:58:44',NULL),
	(157,'810809e3-a45a-4e32-9cf3-fb3d8481dba7','52510b85-26c1-4f1c-b312-2a7b7c056fc4@gmail.com','5f4dcc3b5aa765d61d8327deb882cf99','2013-09-27 19:58:44','2013-09-27 19:58:44',NULL),
	(158,'a64c1a3c-fe44-4f7e-b926-dc2d10d4ca40','75ff9599-e2b0-4976-8d9c-8f51f12f3061@gmail.com','5f4dcc3b5aa765d61d8327deb882cf99','2013-09-27 19:59:05','2013-09-27 19:59:05',NULL),
	(159,'03eec2c2-a486-48cf-bbee-fdcecc28b181','dcb79ad3-cf5d-420e-aca1-40e3d73f5bc0@gmail.com','5f4dcc3b5aa765d61d8327deb882cf99','2013-09-27 19:59:05','2013-09-27 19:59:05',NULL),
	(160,'be5fad5b-487d-4b04-9fe5-49b3cb42ae85','12b053ea-cc37-4832-b13b-a380e0de675a@gmail.com','5f4dcc3b5aa765d61d8327deb882cf99','2013-09-27 19:59:46','2013-09-27 19:59:46',NULL),
	(161,'c7a8d29f-f75c-4bcd-bdb3-42fd44723f24','d4992780-1e48-46b6-b174-3d2aeea2b7e0@gmail.com','5f4dcc3b5aa765d61d8327deb882cf99','2013-09-27 19:59:46','2013-09-27 19:59:46',NULL),
	(162,'085a889f-9066-4b4c-b7ec-929972344920','be4ceed7-dbf2-4374-910c-2a3b1308e245@gmail.com','5f4dcc3b5aa765d61d8327deb882cf99','2013-09-27 19:59:54','2013-09-27 19:59:54',NULL),
	(163,'c218822a-ab3a-4d70-a4f5-6cc110928f2f','ba160f64-3e1f-4900-b82b-083d75d7ddee@gmail.com','5f4dcc3b5aa765d61d8327deb882cf99','2013-09-27 19:59:54','2013-09-27 19:59:54',NULL),
	(164,'ce635d1e-3fca-46de-99d8-48dd5de768af','540aba21-efb1-41a8-8948-61f2723f0573@gmail.com','5f4dcc3b5aa765d61d8327deb882cf99','2013-09-27 20:04:59','2013-09-27 20:04:59',NULL),
	(165,'c50d709a-2e2b-4fa9-abdc-eaeb0fd57db7','22f721ed-fdad-4a48-b658-264c48c12694@gmail.com','5f4dcc3b5aa765d61d8327deb882cf99','2013-09-27 20:04:59','2013-09-27 20:04:59',NULL),
	(166,'56fef5f2-68ae-4498-be42-59080c2a5804','69ce5552-7c5d-4174-9613-6d24a6d6f37b@gmail.com','5f4dcc3b5aa765d61d8327deb882cf99','2013-09-29 22:34:08','2013-09-29 22:34:08',NULL),
	(167,'0fdd0b20-ceaf-4edf-8e76-09e1f8489967','211aafcc-d033-4e55-8e03-826d65315126@gmail.com','5f4dcc3b5aa765d61d8327deb882cf99','2013-09-29 22:34:08','2013-09-29 22:34:08',NULL),
	(168,'161d04b3-7576-4992-84a8-76893c62ede6','c299207a-52f5-4bb6-af35-645a78bceb79@gmail.com','5f4dcc3b5aa765d61d8327deb882cf99','2013-09-29 22:47:46','2013-09-29 22:47:46',NULL),
	(169,'1f593603-f9b0-432c-8676-faa98ead4d37','38f3ec6c-a973-47f5-bb92-c4a5b10a183e@gmail.com','5f4dcc3b5aa765d61d8327deb882cf99','2013-09-29 22:47:46','2013-09-29 22:47:46',NULL),
	(170,'46231811-5345-4235-bf9a-05ef1bf9e114','22ec5c36-4704-499f-92cc-a86a7b746c8b@gmail.com','5f4dcc3b5aa765d61d8327deb882cf99','2013-09-29 22:47:51','2013-09-29 22:47:51',NULL),
	(171,'edf0055b-71b5-4901-acee-b0c86e05ad38','cd71dff8-0c4b-4295-8c11-3e2606b14e62@gmail.com','5f4dcc3b5aa765d61d8327deb882cf99','2013-09-29 22:47:51','2013-09-29 22:47:51',NULL),
	(172,'4701473b-90f0-436d-85c6-94789ccf4383','76d6bff5-5852-4f50-99be-a1b9de5087ab@gmail.com','5f4dcc3b5aa765d61d8327deb882cf99','2013-09-29 22:49:45','2013-09-29 22:49:45',NULL),
	(173,'72234395-52e3-4efc-a0a3-91ab92ed9471','0465c214-bc86-4628-9814-69578d33341d@gmail.com','5f4dcc3b5aa765d61d8327deb882cf99','2013-09-29 22:49:45','2013-09-29 22:49:45',NULL),
	(174,'2784907a-eda1-4636-b62c-b1a5003ce0ef','4568e737-a66c-45a5-80e7-7c66a4e5f2d2@gmail.com','5f4dcc3b5aa765d61d8327deb882cf99','2013-09-29 22:51:58','2013-09-29 22:51:58',NULL),
	(175,'778af4d0-16b4-48fe-afd8-036cbf2c2b3f','6789c6a6-030b-4bae-91d6-7ac87eb97933@gmail.com','5f4dcc3b5aa765d61d8327deb882cf99','2013-09-29 22:51:58','2013-09-29 22:51:58',NULL),
	(176,'c1e56ee9-000e-415e-a040-d7db363d5160','b7b4de25-bdee-4743-a657-f6fd59dc6ac2@gmail.com','5f4dcc3b5aa765d61d8327deb882cf99','2013-09-29 22:52:23','2013-09-29 22:52:23',NULL),
	(177,'741b0f69-0b52-4933-bd02-aeedae71ff10','d037b496-2093-490a-8dab-1d2a8c1bacf8@gmail.com','5f4dcc3b5aa765d61d8327deb882cf99','2013-09-29 22:52:23','2013-09-29 22:52:23',NULL),
	(178,'8cbdf27b-9a42-46e1-b5bb-e23d10da0f05','6f2e209b-d9d7-4d7b-8b21-0264d824d8bf@gmail.com','5f4dcc3b5aa765d61d8327deb882cf99','2013-09-29 22:52:26','2013-09-29 22:52:26',NULL),
	(179,'3e37fec9-16da-4a41-8570-d14f1078f815','3ba16d90-ec7a-4914-8641-f1f158727dd3@gmail.com','5f4dcc3b5aa765d61d8327deb882cf99','2013-09-29 22:52:26','2013-09-29 22:52:26',NULL),
	(180,'679dd7ab-9399-4f5e-b238-bc399154127b','a6dddfd3-9332-4dcd-9717-3329daf7a282@gmail.com','5f4dcc3b5aa765d61d8327deb882cf99','2013-09-29 22:52:44','2013-09-29 22:52:44',NULL),
	(181,'e0726f91-36d3-4fad-b702-8245c1fdd015','f7815d13-13e8-4cb6-a1f2-8ace709b3e44@gmail.com','5f4dcc3b5aa765d61d8327deb882cf99','2013-09-29 22:52:44','2013-09-29 22:52:44',NULL),
	(182,'83afcc06-c50e-4648-b2dc-ecab08929c88','099486b1-9620-442f-8159-b71bcc31b1ab@gmail.com','5f4dcc3b5aa765d61d8327deb882cf99','2013-09-29 22:52:45','2013-09-29 22:52:45',NULL),
	(183,'0a2f3b50-310a-4675-9b48-a0e398d88d07','6da86c15-c32b-409a-9ab8-a840aab50c6d@gmail.com','5f4dcc3b5aa765d61d8327deb882cf99','2013-09-29 22:52:46','2013-09-29 22:52:46',NULL),
	(184,'9941c890-5402-482b-bcf4-8cf2574ef11e','1701ebff-0141-4617-9f7a-a26fc2d53a0c@gmail.com','5f4dcc3b5aa765d61d8327deb882cf99','2013-09-29 22:54:35','2013-09-29 22:54:35',NULL),
	(185,'c9d141fc-9ff1-4e95-9203-22d847623619','3456ec7f-898e-49e5-90f5-5892048fc3d6@gmail.com','5f4dcc3b5aa765d61d8327deb882cf99','2013-09-29 22:54:35','2013-09-29 22:54:35',NULL),
	(186,'bd8cc553-d26e-4953-a2ef-c8f78c4993ea','b665dd84-a2ee-46ae-b6bc-9ff0cf9cb33b@gmail.com','5f4dcc3b5aa765d61d8327deb882cf99','2013-09-29 22:54:37','2013-09-29 22:54:37',NULL),
	(187,'ed3e1023-a3a6-4b8c-a842-1b8ec3169066','588fb65f-061d-4a96-b97d-6d291808a57e@gmail.com','5f4dcc3b5aa765d61d8327deb882cf99','2013-09-29 22:54:37','2013-09-29 22:54:37',NULL),
	(188,'092a5a5b-3716-4d54-95ef-1ba2b7a478db','945badfb-906a-446c-940f-8f26f543d740@gmail.com','5f4dcc3b5aa765d61d8327deb882cf99','2013-09-29 22:55:32','2013-09-29 22:55:32',NULL),
	(189,'04a0177a-bb98-4a39-a727-0f06a7f78d3c','67a448db-d10c-4019-8634-25f9dbc8c5d1@gmail.com','5f4dcc3b5aa765d61d8327deb882cf99','2013-09-29 22:55:32','2013-09-29 22:55:32',NULL),
	(190,'a7728d8b-7cfc-4818-bc76-1cc35969e1e6','8b35a666-cd27-4560-b66b-a4b7ae72daea@gmail.com','5f4dcc3b5aa765d61d8327deb882cf99','2013-09-29 22:57:14','2013-09-29 22:57:14',NULL),
	(191,'ab2a1ada-1daf-46d3-a34e-74ce2017e3ae','113984ad-8c6c-47c2-876a-5de3d558144b@gmail.com','5f4dcc3b5aa765d61d8327deb882cf99','2013-09-29 22:57:14','2013-09-29 22:57:14',NULL),
	(192,'d324e4fb-46b8-4f50-800d-c40ecfa57799','c9c7ec26-f2b7-42cc-82db-375fe916242f@gmail.com','5f4dcc3b5aa765d61d8327deb882cf99','2013-09-29 22:57:41','2013-09-29 22:57:41',NULL),
	(193,'9bee633f-47b8-40ba-a4bf-539448c107f3','c4581391-112c-427d-8fd1-7ba20afd6282@gmail.com','5f4dcc3b5aa765d61d8327deb882cf99','2013-09-29 22:57:41','2013-09-29 22:57:41',NULL),
	(194,'0ac66fea-8e65-4488-a8c4-e71e402844c1','ac6abbb8-453f-4ddf-97dc-dd53d2c19a0b@gmail.com','5f4dcc3b5aa765d61d8327deb882cf99','2013-09-29 22:59:44','2013-09-29 22:59:44',NULL),
	(195,'6fd2f3fa-5394-44a0-b031-16f906416ce7','12d9f490-c1c0-4671-b0d9-c89035c51535@gmail.com','5f4dcc3b5aa765d61d8327deb882cf99','2013-09-29 22:59:44','2013-09-29 22:59:44',NULL),
	(196,'246ae9fd-2a08-4da8-9260-5237834575b3','d331b3a1-a407-46b7-86ea-4871d86d0664@gmail.com','5f4dcc3b5aa765d61d8327deb882cf99','2013-09-29 23:09:45','2013-09-29 23:09:45',NULL),
	(197,'5cf05704-ab5e-4e91-a04b-520438747217','486fc6ae-c163-4c38-858a-5ed8642492b8@gmail.com','5f4dcc3b5aa765d61d8327deb882cf99','2013-09-29 23:09:45','2013-09-29 23:09:45',NULL),
	(198,'c3badd6a-0cc6-4319-bb59-6c64008a19f7','95c82ab1-9a98-428f-9120-799a0b8f29e1@gmail.com','5f4dcc3b5aa765d61d8327deb882cf99','2013-09-29 23:10:39','2013-09-29 23:10:39',NULL),
	(199,'4b52c4de-cdad-44e6-96cc-daf8f1a8d2f2','f7e8fd46-4b90-4bf2-83b5-b223bcd2e890@gmail.com','5f4dcc3b5aa765d61d8327deb882cf99','2013-09-29 23:10:39','2013-09-29 23:10:39',NULL),
	(200,'1dda34af-3569-4492-a1c4-407f7d23fea3','fd6e4289-17f1-4e46-8eb0-2691eb68b0a0@gmail.com','5f4dcc3b5aa765d61d8327deb882cf99','2013-09-29 23:15:41','2013-09-29 23:15:41',NULL),
	(201,'bc900f92-6974-4cc4-a7e4-865c323a7d4b','7bb4f58b-b8c3-4c7f-a2a8-797a10367613@gmail.com','5f4dcc3b5aa765d61d8327deb882cf99','2013-09-29 23:15:41','2013-09-29 23:15:41',NULL),
	(202,'6953820d-65de-437f-bd2a-ce6eed48b3e2','c03bdd0b-992b-4c0d-932f-419f909fa642@gmail.com','5f4dcc3b5aa765d61d8327deb882cf99','2013-09-29 23:15:45','2013-09-29 23:15:45',NULL),
	(203,'cd57501f-3ca5-4ad5-a319-3b4e2beb6525','1883221b-3ded-41e8-9af9-2b6d9945ca2b@gmail.com','5f4dcc3b5aa765d61d8327deb882cf99','2013-09-29 23:15:45','2013-09-29 23:15:45',NULL),
	(204,'2d472567-f9db-456f-97a4-19c8204b29e3','90b24565-fcaa-45dc-b2dc-38b8f651105c@gmail.com','5f4dcc3b5aa765d61d8327deb882cf99','2013-09-29 23:16:08','2013-09-29 23:16:08',NULL),
	(205,'ce767aa7-8eae-49f8-9688-3ff3a756bd23','73867bd9-c5c1-44c9-9a2c-111778b3c813@gmail.com','5f4dcc3b5aa765d61d8327deb882cf99','2013-09-29 23:16:08','2013-09-29 23:16:08',NULL),
	(206,'4ed5b38a-9a95-43ed-a825-5f7e68ede19c','becf3d63-f9b3-4d4b-a7a1-df7bbd26e8d0@gmail.com','5f4dcc3b5aa765d61d8327deb882cf99','2013-09-29 23:16:52','2013-09-29 23:16:52',NULL),
	(207,'fd97543b-87c4-4a58-a19f-db795930ecdc','96a09d09-a92d-43f3-81e1-6590969bd384@gmail.com','5f4dcc3b5aa765d61d8327deb882cf99','2013-09-29 23:16:52','2013-09-29 23:16:52',NULL),
	(208,'5614a93d-4cb8-42c4-a225-40cf3188e2a4','2945ca99-6696-47e1-917c-c33eebe250f0@gmail.com','5f4dcc3b5aa765d61d8327deb882cf99','2013-09-29 23:18:26','2013-09-29 23:18:26',NULL),
	(209,'6e3ee368-74eb-4f4c-8452-141cb7db8eb2','b6cde900-29b8-4332-a467-91447795d996@gmail.com','5f4dcc3b5aa765d61d8327deb882cf99','2013-09-29 23:18:26','2013-09-29 23:18:26',NULL),
	(210,'dcfc0497-9500-42d1-9d2c-767d40ce4197','f874dc13-b089-488d-93ba-a531e533369c@gmail.com','5f4dcc3b5aa765d61d8327deb882cf99','2013-09-29 23:20:59','2013-09-29 23:20:59',NULL),
	(211,'88dbea47-773d-49c3-8887-d1475ba57400','14e20442-f33c-4d65-9c53-b7373e233775@gmail.com','5f4dcc3b5aa765d61d8327deb882cf99','2013-09-29 23:20:59','2013-09-29 23:20:59',NULL),
	(212,'2bb9080f-e4b1-44e3-93c9-4b591ab124ab','14c80e1e-5977-4cca-a91e-e74b09cfc9c4@gmail.com','5f4dcc3b5aa765d61d8327deb882cf99','2013-09-29 23:21:12','2013-09-29 23:21:12',NULL),
	(213,'aef227ba-bba7-42a8-859c-7b0eb3f68c23','709cbbd5-b609-4b06-ba9a-1ddc1eb68e1a@gmail.com','5f4dcc3b5aa765d61d8327deb882cf99','2013-09-29 23:21:12','2013-09-29 23:21:12',NULL),
	(214,'15d04310-dd24-4d03-8935-c09d9a517a03','7379c4b4-c388-4105-959b-1415d70e56f6@gmail.com','5f4dcc3b5aa765d61d8327deb882cf99','2013-09-29 23:21:15','2013-09-29 23:21:15',NULL),
	(215,'d284f9ca-f93b-4c06-b6e0-a6cd3ec3c407','9fc4744d-6546-49d7-8056-1d070dca1d96@gmail.com','5f4dcc3b5aa765d61d8327deb882cf99','2013-09-29 23:21:15','2013-09-29 23:21:15',NULL),
	(216,'2ceea5ac-5441-4fe8-920f-6232f30d7746','38fc5307-77a3-4f83-96d1-d542009e0145@gmail.com','5f4dcc3b5aa765d61d8327deb882cf99','2013-09-29 23:21:45','2013-09-29 23:21:45',NULL),
	(217,'48426f3e-89b9-43df-9cef-d20d7072d13d','7d0db9bf-284e-4cc5-a69a-b777fb33c89c@gmail.com','5f4dcc3b5aa765d61d8327deb882cf99','2013-09-29 23:21:45','2013-09-29 23:21:45',NULL),
	(218,'31149858-0c1e-44fb-93ea-ea3916768a76','b5e3d9ab-ce16-4893-866f-c43b0d40b279@gmail.com','5f4dcc3b5aa765d61d8327deb882cf99','2013-09-29 23:22:18','2013-09-29 23:22:18',NULL),
	(219,'7c4f91fa-5794-4333-a974-30cfa9d44242','b3ea45b1-eb61-4fcc-ae79-3ea2292a0ce4@gmail.com','5f4dcc3b5aa765d61d8327deb882cf99','2013-09-29 23:22:18','2013-09-29 23:22:18',NULL),
	(220,'0e1da16c-fd7f-4aad-a2f0-e77d03db32eb','f19294c6-6376-468f-b517-49f5cdfeaec0@gmail.com','5f4dcc3b5aa765d61d8327deb882cf99','2013-09-29 23:22:34','2013-09-29 23:22:34',NULL),
	(221,'fb8d5b8e-50aa-465f-945a-c0026002af33','92f85963-6f7e-4ef7-a4ec-945baa5caa87@gmail.com','5f4dcc3b5aa765d61d8327deb882cf99','2013-09-29 23:22:34','2013-09-29 23:22:34',NULL),
	(222,'d08f5d5b-da8e-4f34-931e-2dc579086d40','6f8264e5-045b-484f-baa5-39f9ff97a9a7@gmail.com','5f4dcc3b5aa765d61d8327deb882cf99','2013-09-29 23:23:06','2013-09-29 23:23:06',NULL),
	(223,'3d6f2a83-fd5e-4420-81dd-64cb25b52b33','150f3b6a-7e18-4d88-b7eb-3147cf8acc1f@gmail.com','5f4dcc3b5aa765d61d8327deb882cf99','2013-09-29 23:23:06','2013-09-29 23:23:06',NULL),
	(224,'1bcc7d4b-9ca4-458e-b973-cb57733f511f','9523867a-91b3-4f8a-9b93-6cedeb42e070@gmail.com','5f4dcc3b5aa765d61d8327deb882cf99','2013-09-29 23:23:41','2013-09-29 23:23:41',NULL),
	(225,'b78d3671-71fd-4e59-8844-566312395833','c79a276b-a9d4-4084-bd19-6c23bc55a762@gmail.com','5f4dcc3b5aa765d61d8327deb882cf99','2013-09-29 23:23:41','2013-09-29 23:23:41',NULL),
	(226,'cffd1148-79c6-4765-9400-1d0481e70900','64be2e60-7fe1-4be6-ad36-8defb4520a26@gmail.com','5f4dcc3b5aa765d61d8327deb882cf99','2013-09-29 23:24:37','2013-09-29 23:24:37',NULL),
	(227,'72d63084-a47a-44d1-8523-4d4ab321a92f','61bf4e15-c7db-4f59-b376-ab127aa201fd@gmail.com','5f4dcc3b5aa765d61d8327deb882cf99','2013-09-29 23:24:37','2013-09-29 23:24:37',NULL),
	(228,'3fd05115-5f44-4599-8ed2-4f0adb00f77e','e8d40458-587f-4046-ad63-4e3474fe3150@gmail.com','5f4dcc3b5aa765d61d8327deb882cf99','2013-09-29 23:25:05','2013-09-29 23:25:05',NULL),
	(229,'14b759df-f000-46ec-9c06-ac8418206e18','f2617771-c2a9-4ecc-87fd-4178262f9c84@gmail.com','5f4dcc3b5aa765d61d8327deb882cf99','2013-09-29 23:25:05','2013-09-29 23:25:05',NULL),
	(230,'d6679c86-9a82-4f56-a2e4-350ac38a8afe','a4873018-e6d3-4fb6-9040-0aa0833ca302@gmail.com','5f4dcc3b5aa765d61d8327deb882cf99','2013-09-29 23:25:08','2013-09-29 23:25:08',NULL),
	(231,'6e4fea24-9ddf-4f23-84cb-147efef3f400','2176e024-0ddb-46a2-8075-1d0350ffffe9@gmail.com','5f4dcc3b5aa765d61d8327deb882cf99','2013-09-29 23:25:08','2013-09-29 23:25:08',NULL),
	(232,'6adab7d5-a536-46af-bf5e-5ed4ef788f24','7fd6371c-3a14-4af1-be91-726e6689584b@gmail.com','5f4dcc3b5aa765d61d8327deb882cf99','2013-09-29 23:25:28','2013-09-29 23:25:28',NULL),
	(233,'1a358d58-49f2-4b89-9cc8-f6f8ffe977a2','b780fda0-1f2a-43dd-bca7-db40572ddc34@gmail.com','5f4dcc3b5aa765d61d8327deb882cf99','2013-09-29 23:25:28','2013-09-29 23:25:28',NULL),
	(234,'424ae7e4-e203-4665-9eda-736284c5a438','408d87e6-72e6-431c-ab1b-5a9fae12a385@gmail.com','5f4dcc3b5aa765d61d8327deb882cf99','2013-09-29 23:30:19','2013-09-29 23:30:19',NULL),
	(235,'6e456d6c-123e-42ab-a939-6b99313615eb','ae439642-c284-443d-bd50-90bda48239e5@gmail.com','5f4dcc3b5aa765d61d8327deb882cf99','2013-09-29 23:30:19','2013-09-29 23:30:19',NULL),
	(236,'95571aff-72a5-47ef-8f2d-50677c5991fc','43ad060a-415c-4953-bb36-e7fb5586cf99@gmail.com','5f4dcc3b5aa765d61d8327deb882cf99','2013-09-29 23:35:18','2013-09-29 23:35:18',NULL),
	(237,'624e0e73-1a36-4f05-b677-ff8fcdf1b583','19d9b608-d909-419a-8422-096438484d7a@gmail.com','5f4dcc3b5aa765d61d8327deb882cf99','2013-09-29 23:35:18','2013-09-29 23:35:18',NULL),
	(238,'bb174442-568a-41f0-9940-099bfc051665','1610366e-8d8e-41a4-b14e-202a6d9bbd13@gmail.com','5f4dcc3b5aa765d61d8327deb882cf99','2013-09-29 23:35:53','2013-09-29 23:35:53',NULL),
	(239,'733c28bd-30b8-4e95-a10a-55239f135af2','28cea392-873f-424d-aac1-8ff3544fc665@gmail.com','5f4dcc3b5aa765d61d8327deb882cf99','2013-09-29 23:35:53','2013-09-29 23:35:53',NULL),
	(240,'a8e28928-35da-49ef-87db-e298559d9f15','aa1323a6-239d-448a-b84d-4fe949f0edfe@gmail.com','5f4dcc3b5aa765d61d8327deb882cf99','2013-09-29 23:36:22','2013-09-29 23:36:22',NULL),
	(241,'43c84a35-6439-44ad-9dd6-17745d9d033a','9ba8293a-20f5-4303-a012-ad569679e166@gmail.com','5f4dcc3b5aa765d61d8327deb882cf99','2013-09-29 23:36:22','2013-09-29 23:36:22',NULL),
	(242,'ab8f9cd5-7b56-4698-b963-50592e71a898','5e3fc4c3-4be6-461c-8c2c-66512727c751@gmail.com','5f4dcc3b5aa765d61d8327deb882cf99','2013-09-29 23:36:40','2013-09-29 23:36:40',NULL),
	(243,'7db748d5-5f9e-49dc-8f80-5237a48a86c0','8e8b44ee-2e2c-42ae-a297-7bf2ed3c9ec2@gmail.com','5f4dcc3b5aa765d61d8327deb882cf99','2013-09-29 23:36:40','2013-09-29 23:36:40',NULL),
	(244,'85e75200-2573-40c6-819e-f14613b5f9bf','d518ab90-60bf-46a8-9bcc-fbeba69be735@gmail.com','5f4dcc3b5aa765d61d8327deb882cf99','2013-09-29 23:37:56','2013-09-29 23:37:56',NULL),
	(245,'4c9303fe-2cc6-4fd6-8e6d-07f5d6431ebe','06c1cf55-cea0-4017-bc4a-25cc556895a4@gmail.com','5f4dcc3b5aa765d61d8327deb882cf99','2013-09-29 23:37:56','2013-09-29 23:37:56',NULL),
	(246,'4ded4831-5170-43a4-aacb-fc28af8561d0','d305ce29-1f7b-434d-9fce-8e5fa39f755a@gmail.com','5f4dcc3b5aa765d61d8327deb882cf99','2013-09-29 23:38:07','2013-09-29 23:38:07',NULL),
	(247,'7f1b312b-8710-4f4a-bc34-e36b3ba9f010','0012083e-fd55-4296-800d-9e2424cf4cec@gmail.com','5f4dcc3b5aa765d61d8327deb882cf99','2013-09-29 23:38:07','2013-09-29 23:38:07',NULL),
	(248,'d35190be-3882-48b0-a429-8c6508956128','bb51bac9-3a91-4139-8ac8-70934acaa646@gmail.com','5f4dcc3b5aa765d61d8327deb882cf99','2013-09-29 23:38:24','2013-09-29 23:38:24',NULL),
	(249,'fc27f69e-4a87-43a9-a55b-139896ca2129','2dc4051c-6522-47db-9ca3-74890026241f@gmail.com','5f4dcc3b5aa765d61d8327deb882cf99','2013-09-29 23:38:24','2013-09-29 23:38:24',NULL),
	(250,'843cae24-e3e8-4406-a463-70438a323619','87bcd818-56e5-49fc-bd34-996996d10b31@gmail.com','5f4dcc3b5aa765d61d8327deb882cf99','2013-09-29 23:47:32','2013-09-29 23:47:32',NULL),
	(251,'803ba804-e104-4b17-8ada-7745c4fff776','b70c5ef1-2286-445f-a68a-8604575f571f@gmail.com','5f4dcc3b5aa765d61d8327deb882cf99','2013-09-29 23:47:32','2013-09-29 23:47:32',NULL),
	(252,'56f35429-ca34-4406-b7d5-61e6b4119884','e7a8da0c-5979-4833-adb8-61532d1dda77@gmail.com','5f4dcc3b5aa765d61d8327deb882cf99','2013-09-29 23:48:14','2013-09-29 23:48:14',NULL),
	(253,'c1152777-2f39-46b3-94e9-1cf55646a012','9af7b0e1-d8ea-4f9d-b8dd-0ca51788b132@gmail.com','5f4dcc3b5aa765d61d8327deb882cf99','2013-09-29 23:48:14','2013-09-29 23:48:14',NULL),
	(254,'08c69c67-c45b-4955-90f5-85c3a755bcfb','07dd37d6-c1a7-4887-85ca-fefbb3c6cb64@gmail.com','5f4dcc3b5aa765d61d8327deb882cf99','2013-09-29 23:51:30','2013-09-29 23:51:30',NULL),
	(255,'d9115683-9c5a-40d4-a13e-3d0db59e0fe7','48f73dff-ba9f-4766-bdbc-16c4c5aff5c2@gmail.com','5f4dcc3b5aa765d61d8327deb882cf99','2013-09-29 23:51:30','2013-09-29 23:51:30',NULL),
	(256,'6d77e0ed-1272-4528-b662-5d0b7a628d89','47219ff4-51ce-4a53-88ee-9b70c9890665@gmail.com','5f4dcc3b5aa765d61d8327deb882cf99','2013-09-29 23:51:37','2013-09-29 23:51:37',NULL),
	(257,'4d4612cc-ccc2-48d4-ba01-4ecbf3d1dae7','f5e8843c-0e99-45f9-9b14-a83e98fb18b0@gmail.com','5f4dcc3b5aa765d61d8327deb882cf99','2013-09-29 23:51:37','2013-09-29 23:51:37',NULL),
	(258,'1df6e15c-238a-4609-b712-f327661ba7ab','dd299d66-1b11-4375-9587-6f8c5b237d6b@gmail.com','5f4dcc3b5aa765d61d8327deb882cf99','2013-09-30 21:59:49','2013-09-30 21:59:49',NULL),
	(259,'b02e2d92-5ee5-4453-ba4f-b669526bc67c','4a46b985-0f00-4a36-bfe1-44dd86b80ffe@gmail.com','5f4dcc3b5aa765d61d8327deb882cf99','2013-09-30 21:59:49','2013-09-30 21:59:49',NULL);

/*!40000 ALTER TABLE `kindergarten` ENABLE KEYS */;
UNLOCK TABLES;


# Dump of table log
# ------------------------------------------------------------

DROP TABLE IF EXISTS `log`;

CREATE TABLE `log` (
  `id` int(10) unsigned NOT NULL AUTO_INCREMENT,
  `channel` varchar(255) DEFAULT NULL,
  `level` int(11) DEFAULT NULL,
  `levelname` varchar(9) DEFAULT NULL,
  `message` text,
  `data` longtext,
  `file` varchar(500) DEFAULT NULL,
  `host` varchar(50) DEFAULT NULL,
  `port` varchar(4) DEFAULT NULL,
  `time` datetime DEFAULT NULL,
  PRIMARY KEY (`id`)
) ENGINE=InnoDB DEFAULT CHARSET=utf8;



# Dump of table parent
# ------------------------------------------------------------

DROP TABLE IF EXISTS `parent`;

CREATE TABLE `parent` (
  `id` int(11) NOT NULL AUTO_INCREMENT,
  `name` varchar(100) NOT NULL,
  `external_id` varchar(100) NOT NULL,
  `email` varchar(100) NOT NULL,
  `password_id` int(11) NOT NULL,
  `created_at` timestamp NOT NULL DEFAULT CURRENT_TIMESTAMP,
  `updated_at` timestamp NOT NULL DEFAULT '0000-00-00 00:00:00',
  `photo_id` int(11) DEFAULT NULL,
  PRIMARY KEY (`id`)
) ENGINE=InnoDB DEFAULT CHARSET=utf8;

LOCK TABLES `parent` WRITE;
/*!40000 ALTER TABLE `parent` DISABLE KEYS */;

INSERT INTO `parent` (`id`, `name`, `external_id`, `email`, `password_id`, `created_at`, `updated_at`, `photo_id`)
VALUES
	(1,'Max Balychev','max-tester-01','max-tester@parentmgr.com',0,'0000-00-00 00:00:00','0000-00-00 00:00:00',NULL);

/*!40000 ALTER TABLE `parent` ENABLE KEYS */;
UNLOCK TABLES;


# Dump of table password
# ------------------------------------------------------------

DROP TABLE IF EXISTS `password`;

CREATE TABLE `password` (
  `id` int(11) NOT NULL AUTO_INCREMENT,
  `value` varchar(250) NOT NULL,
  PRIMARY KEY (`id`)
) ENGINE=InnoDB DEFAULT CHARSET=utf8;



# Dump of table teacher
# ------------------------------------------------------------

DROP TABLE IF EXISTS `teacher`;

CREATE TABLE `teacher` (
  `id` int(11) NOT NULL AUTO_INCREMENT,
  `kindergarten_id` int(11) NOT NULL,
  `name` varchar(100) NOT NULL,
  `external_id` varchar(100) NOT NULL,
  `created_at` timestamp NOT NULL DEFAULT CURRENT_TIMESTAMP,
  `updated_at` timestamp NOT NULL DEFAULT '0000-00-00 00:00:00',
  `photo_id` int(11) DEFAULT NULL,
  PRIMARY KEY (`id`)
) ENGINE=InnoDB DEFAULT CHARSET=utf8;

LOCK TABLES `teacher` WRITE;
/*!40000 ALTER TABLE `teacher` DISABLE KEYS */;

INSERT INTO `teacher` (`id`, `kindergarten_id`, `name`, `external_id`, `created_at`, `updated_at`, `photo_id`)
VALUES
	(1,1,'Test Teacher Name','test_teacher_01','2013-09-26 20:17:15','0000-00-00 00:00:00',NULL);

/*!40000 ALTER TABLE `teacher` ENABLE KEYS */;
UNLOCK TABLES;



/*!40111 SET SQL_NOTES=@OLD_SQL_NOTES */;
/*!40101 SET SQL_MODE=@OLD_SQL_MODE */;
/*!40014 SET FOREIGN_KEY_CHECKS=@OLD_FOREIGN_KEY_CHECKS */;
/*!40101 SET CHARACTER_SET_CLIENT=@OLD_CHARACTER_SET_CLIENT */;
/*!40101 SET CHARACTER_SET_RESULTS=@OLD_CHARACTER_SET_RESULTS */;
/*!40101 SET COLLATION_CONNECTION=@OLD_COLLATION_CONNECTION */;
